Workbook

Sheet urbanthreads_q4
A1: Order ID | B1: Order Date | C1: Customer ID | D1: Type | E1: SKU | F1: Category | G1: Product Name | H1: Unit Price | I1: Unit_price_flag | J1: Qty | K1: Quantity_Flag | L1: Total | M1: order_total | N1: Total_check | O1: Discount Code | P1: Disc % | Q1: Disc_per_status | R1: Payment | S1: Source | T1: City | U1: State | V1: Warehouse | W1: Del Date | X1: delivery_order before order_date | Y1: Status | Z1: Cancelled_Delivery_Check | AA1: Return? | AB1: Reason | AC1: Return_Reason_Check | AD1: Ret Rec | AE1: return_received_date vs delivery_date | AF1: Refund
A2: UT-100002 | B2: 45566 | C2: CUST_10002 | D2: Returning | E2: DRSFRMS | F2: Dresses | G2: Floral Midi Dress | H2: 2499 | I2: =IF(OR(H2<=0,H2>50000),"Outlier","Normal") -> Normal | J2: 1 | K2: =IF(J2>10,"Outlier","Normal") -> Normal | L2: 2499 | M2: =H2*J2*(1-(P2/100)) -> 1999.2 | N2: =IF(ABS(L2-M2)<1,"Match","Mismatch") -> Mismatch | O2: DIWALI20 | P2: 20 | Q2: =IF(OR(P2<0,C2>100),"Invalid","valid") -> Invalid | R2: Credit Card | S2: Mobile App | T2: Delhi | U2: Delhi | V2: Delhi | W2: 45569 | X2: =IF(AND(B2<>"",W2<>""),IF(B2<D2,"Invalid","Valid"),"Not applicable") -> Invalid | Y2: Delivered | Z2: =IF(AND(Y2="Cancelled",W2<>""),"Invalid","Valid") -> Valid | AA2: Yes | AB2: Size Issue | AC2: =IF(AA2="Yes", IF(OR(AB2="", AB2="Not Applicable"), "Missing Reason", "Valid"), "Not Applicable") -> Valid | AD2: 45580 | AE2: =IF(AND(W2<>"",AD2<>""),IF(W2<AD2,"Invalid","Valid"),"Not Applicable") -> Invalid | AF2: Processed
A3: UT-100006 | B3: 45567 | C3: CUST_10005 | D3: Returning | E3: TOPFRMS | F3: Tops | G3: Printed Blouse | H3: 1599 | I3: =IF(OR(H3<=0,H3>50000),"Outlier","Normal") -> Normal | J3: 2 | K3: =IF(J3>10,"Outlier","Normal") -> Normal | L3: 3198 | M3: =H3*J3*(1-(P3/100)) -> 3198 | N3: =IF(ABS(L3-M3)<1,"Match","Mismatch") -> Match | O3: No code | P3: 0 | Q3: =IF(OR(P3<0,C3>100),"Invalid","valid") -> Invalid | R3: Credit Card | S3: Mobile App | T3: Hyderabad | U3: Telangana | V3: Bangalore | W3: 45572 | X3: =IF(AND(B3<>"",W3<>""),IF(B3<D3,"Invalid","Valid"),"Not applicable") -> Invalid | Y3: Delivered | Z3: =IF(AND(Y3="Cancelled",W3<>""),"Invalid","Valid") -> Valid | AA3: Yes | AB3: Changed Mind | AC3: =IF(AA3="Yes", IF(OR(AB3="", AB3="Not Applicable"), "Missing Reason", "Valid"), "Not Applicable") -> Valid | AD3: 45583 | AE3: =IF(AND(W3<>"",AD3<>""),IF(W3<AD3,"Invalid","Valid"),"Not Applicable") -> Invalid | AF3: Processed
A4: UT-100004 | B4: 45566 | C4: CUST_10004 | D4: New | E4: OUTJKTXL | F4: Outerwear | G4: Denim Jacket | H4: 3499 | I4: =IF(OR(H4<=0,H4>50000),"Outlier","Normal") -> Normal | J4: 1 | K4: =IF(J4>10,"Outlier","Normal") -> Normal | L4: 3499 | M4: =H4*J4*(1-(P4/100)) -> 2974.15 | N4: =IF(ABS(L4-M4)<1,"Match","Mismatch") -> Mismatch | O4: FIRST15 | P4: 15 | Q4: =IF(OR(P4<0,C4>100),"Invalid","valid") -> Invalid | R4: Debit Card | S4: Instagram Shop | T4: Chennai | U4: Tamil Nadu | V4: Mumbai | W4: 45573 | X4: =IF(AND(B4<>"",W4<>""),IF(B4<D4,"Invalid","Valid"),"Not applicable") -> Invalid | Y4: Delivered | Z4: =IF(AND(Y4="Cancelled",W4<>""),"Invalid","Valid") -> Valid | AA4: Yes | AB4: Quality Defect | AC4: =IF(AA4="Yes", IF(OR(AB4="", AB4="Not Applicable"), "Missing Reason", "Valid"), "Not Applicable") -> Valid | AD4: 45585 | AE4: =IF(AND(W4<>"",AD4<>""),IF(W4<AD4,"Invalid","Valid"),"Not Applicable") -> Invalid | AF4: Processed
A5: UT-100009 | B5: 45567 | C5: CUST_10008 | D5: Returning | E5: TOPCASXL | F5: Tops | G5: Oversized Tee | H5: 1399 | I5: =IF(OR(H5<=0,H5>50000),"Outlier","Normal") -> Normal | J5: 5 | K5: =IF(J5>10,"Outlier","Normal") -> Normal | L5: 6995 | M5: =H5*J5*(1-(P5/100)) -> 6995 | N5: =IF(ABS(L5-M5)<1,"Match","Mismatch") -> Match | O5: No code | P5: 0 | Q5: =IF(OR(P5<0,C5>100),"Invalid","valid") -> Invalid | R5: Credit Card | S5: Website | T5: Ahmedabad | U5: Gujarat | V5: Mumbai | W5: 45574 | X5: =IF(AND(B5<>"",W5<>""),IF(B5<D5,"Invalid","Valid"),"Not applicable") -> Invalid | Y5: Delivered | Z5: =IF(AND(Y5="Cancelled",W5<>""),"Invalid","Valid") -> Valid | AA5: Yes | AB5: Size Issue | AC5: =IF(AA5="Yes", IF(OR(AB5="", AB5="Not Applicable"), "Missing Reason", "Valid"), "Not Applicable") -> Valid | AD5: 45587 | AE5: =IF(AND(W5<>"",AD5<>""),IF(W5<AD5,"Invalid","Valid"),"Not Applicable") -> Invalid | AF5: Processed
A6: UT-100010 | B6: 45567 | C6: CUST_10009 | D6: New | E6: OUTBLZM | F6: Outerwear | G6: Casual Blazer | H6: 4999 | I6: =IF(OR(H6<=0,H6>50000),"Outlier","Normal") -> Normal | J6: -1 | K6: =IF(J6>10,"Outlier","Normal") -> Normal | L6: 4999 | M6: =H6*J6*(1-(P6/100)) -> -4999 | N6: =IF(ABS(L6-M6)<1,"Match","Mismatch") -> Mismatch | O6: No code | P6: 0 | Q6: =IF(OR(P6<0,C6>100),"Invalid","valid") -> Invalid | R6: Debit Card | S6: Instagram Shop | T6: Jaipur | U6: Rajasthan | V6: Delhi | W6: 45576 | X6: =IF(AND(B6<>"",W6<>""),IF(B6<D6,"Invalid","Valid"),"Not applicable") -> Invalid | Y6: Delivered | Z6: =IF(AND(Y6="Cancelled",W6<>""),"Invalid","Valid") -> Valid | AA6: Yes | AB6: Wrong Item | AC6: =IF(AA6="Yes", IF(OR(AB6="", AB6="Not Applicable"), "Missing Reason", "Valid"), "Not Applicable") -> Valid | AD6: 45590 | AE6: =IF(AND(W6<>"",AD6<>""),IF(W6<AD6,"Invalid","Valid"),"Not Applicable") -> Invalid | AF6: Pending
A7: UT-100016 | B7: 45569 | C7: CUST_10015 | D7: Returning | E7: ACCJWLOS | F7: Accessories | G7: Statement Earrings | H7: 599 | I7: =IF(OR(H7<=0,H7>50000),"Outlier","Normal") -> Normal | J7: 4 | K7: =IF(J7>10,"Outlier","Normal") -> Normal | L7: 2396 | M7: =H7*J7*(1-(P7/100)) -> 2396 | N7: =IF(ABS(L7-M7)<1,"Match","Mismatch") -> Match | O7: No code | P7: 0 | Q7: =IF(OR(P7<0,C7>100),"Invalid","valid") -> Invalid | R7: COD | S7: Website | T7: Noida | U7: Uttar Pradesh | V7: Delhi | W7: 45579 | X7: =IF(AND(B7<>"",W7<>""),IF(B7<D7,"Invalid","Valid"),"Not applicable") -> Invalid | Y7: Delivered | Z7: =IF(AND(Y7="Cancelled",W7<>""),"Invalid","Valid") -> Valid | AA7: Yes | AB7: Damaged in Transit | AC7: =IF(AA7="Yes", IF(OR(AB7="", AB7="Not Applicable"), "Missing Reason", "Valid"), "Not Applicable") -> Valid | AD7: 45591 | AE7: =IF(AND(W7<>"",AD7<>""),IF(W7<AD7,"Invalid","Valid"),"Not Applicable") -> Invalid | AF7: Processed
A8: UT-100014 | B8: 45568 | C8: CUST_10013 | D8: New | E8: BOTSKTS | F8: Bottoms | G8: Pleated Skirt | H8: 1799 | I8: =IF(OR(H8<=0,H8>50000),"Outlier","Normal") -> Normal | J8: 2 | K8: =IF(J8>10,"Outlier","Normal") -> Normal | L8: 3598 | M8: =H8*J8*(1-(P8/100)) -> 2878.4 | N8: =IF(ABS(L8-M8)<1,"Match","Mismatch") -> Mismatch | O8: DIWALI20 | P8: 20 | Q8: =IF(OR(P8<0,C8>100),"Invalid","valid") -> Invalid | R8: UPI | S8: Instagram Shop | T8: Delhi | U8: Delhi | V8: Delhi | W8: 45576 | X8: =IF(AND(B8<>"",W8<>""),IF(B8<D8,"Invalid","Valid"),"Not applicable") -> Invalid | Y8: Delivered | Z8: =IF(AND(Y8="Cancelled",W8<>""),"Invalid","Valid") -> Valid | AA8: Yes | AB8: Size Issue | AC8: =IF(AA8="Yes", IF(OR(AB8="", AB8="Not Applicable"), "Missing Reason", "Valid"), "Not Applicable") -> Valid | AD8: 45593 | AE8: =IF(AND(W8<>"",AD8<>""),IF(W8<AD8,"Invalid","Valid"),"Not Applicable") -> Invalid | AF8: Processed
A9: UT-100019 | B9: 45569 | C9: CUST_10018 | D9: Returning | E9: BOTJGRM | F9: Bottoms | G9: Joggers | H9: 1499 | I9: =IF(OR(H9<=0,H9>50000),"Outlier","Normal") -> Normal | J9: 2 | K9: =IF(J9>10,"Outlier","Normal") -> Normal | L9: 2998 | M9: =H9*J9*(1-(P9/100)) -> 2998 | N9: =IF(ABS(L9-M9)<1,"Match","Mismatch") -> Match | O9: No code | P9: 0 | Q9: =IF(OR(P9<0,C9>100),"Invalid","valid") -> Invalid | R9: Wallet | S9: Instagram Shop | T9: Surat | U9: Gujarat | V9: Mumbai | W9: 45578 | X9: =IF(AND(B9<>"",W9<>""),IF(B9<D9,"Invalid","Valid"),"Not applicable") -> Invalid | Y9: Delivered | Z9: =IF(AND(Y9="Cancelled",W9<>""),"Invalid","Valid") -> Valid | AA9: Yes | AB9: Size Issue | AC9: =IF(AA9="Yes", IF(OR(AB9="", AB9="Not Applicable"), "Missing Reason", "Valid"), "Not Applicable") -> Valid | AD9: 45595 | AE9: =IF(AND(W9<>"",AD9<>""),IF(W9<AD9,"Invalid","Valid"),"Not Applicable") -> Invalid | AF9: Processed
A10: UT-100022 | B10: 45570 | C10: CUST_10021 | D10: Returning | E10: DRSSHTXS | F10: Dresses | G10: Shirt Dress | H10: 2399 | I10: =IF(OR(H10<=0,H10>50000),"Outlier","Normal") -> Normal | J10: 1 | K10: =IF(J10>10,"Outlier","Normal") -> Normal | L10: 2399 | M10: =H10*J10*(1-(P10/100)) -> 2399 | N10: =IF(ABS(L10-M10)<1,"Match","Mismatch") -> Match | O10: No code | P10: 0 | Q10: =IF(OR(P10<0,C10>100),"Invalid","valid") -> Invalid | R10: Credit Card | S10: Website | T10: Nagpur | U10: Maharashtra | V10: Mumbai | W10: 45581 | X10: =IF(AND(B10<>"",W10<>""),IF(B10<D10,"Invalid","Valid"),"Not applicable") -> Invalid | Y10: Delivered | Z10: =IF(AND(Y10="Cancelled",W10<>""),"Invalid","Valid") -> Valid | AA10: Yes | AB10: Quality Defect | AC10: =IF(AA10="Yes", IF(OR(AB10="", AB10="Not Applicable"), "Missing Reason", "Valid"), "Not Applicable") -> Valid | AD10: 45598 | AE10: =IF(AND(W10<>"",AD10<>""),IF(W10<AD10,"Invalid","Valid"),"Not Applicable") -> Invalid | AF10: Processed
A11: UT-100033 | B11: 45573 | C11: CUST_10032 | D11: New | E11: OUTWOLL | F11: Outerwear | G11: Wool Coat | H11: 6999 | I11: =IF(OR(H11<=0,H11>50000),"Outlier","Normal") -> Normal | J11: 1 | K11: =IF(J11>10,"Outlier","Normal") -> Normal | L11: 6999 | M11: =H11*J11*(1-(P11/100)) -> 5949.15 | N11: =IF(ABS(L11-M11)<1,"Match","Mismatch") -> Mismatch | O11: FIRST15 | P11: 15 | Q11: =IF(OR(P11<0,C11>100),"Invalid","valid") -> Invalid | R11: Debit Card | S11: Instagram Shop | T11: Kolkata | U11: West Bengal | V11: Delhi | W11: 45581 | X11: =IF(AND(B11<>"",W11<>""),IF(B11<D11,"Invalid","Valid"),"Not applicable") -> Invalid | Y11: Delivered | Z11: =IF(AND(Y11="Cancelled",W11<>""),"Invalid","Valid") -> Valid | AA11: Yes | AB11: Quality Defect | AC11: =IF(AA11="Yes", IF(OR(AB11="", AB11="Not Applicable"), "Missing Reason", "Valid"), "Not Applicable") -> Valid | AD11: 45601 | AE11: =IF(AND(W11<>"",AD11<>""),IF(W11<AD11,"Invalid","Valid"),"Not Applicable") -> Invalid | AF11: Processed
A12: UT-100024 | B12: 45571 | C12: CUST_10023 | D12: New | E12: BOTSHTM | F12: Bottoms | G12: Cotton Shorts | H12: 1199 | I12: =IF(OR(H12<=0,H12>50000),"Outlier","Normal") -> Normal | J12: 3 | K12: =IF(J12>10,"Outlier","Normal") -> Normal | L12: 3597 | M12: =H12*J12*(1-(P12/100)) -> 3597 | N12: =IF(ABS(L12-M12)<1,"Match","Mismatch") -> Match | O12: No code | P12: 0 | Q12: =IF(OR(P12<0,C12>100),"Invalid","valid") -> Invalid | R12: COD | S12: Instagram Shop | T12: Kochi | U12: Kerala | V12: Bangalore | W12: 45583 | X12: =IF(AND(B12<>"",W12<>""),IF(B12<D12,"Invalid","Valid"),"Not applicable") -> Invalid | Y12: Delivered | Z12: =IF(AND(Y12="Cancelled",W12<>""),"Invalid","Valid") -> Valid | AA12: Yes | AB12: Changed Mind | AC12: =IF(AA12="Yes", IF(OR(AB12="", AB12="Not Applicable"), "Missing Reason", "Valid"), "Not Applicable") -> Valid | AD12: 45601 | AE12: =IF(AND(W12<>"",AD12<>""),IF(W12<AD12,"Invalid","Valid"),"Not Applicable") -> Invalid | AF12: Processed
A13: UT-100042 | B13: 45575 | C13: CUST_10041 | D13: Returning | E13: TOPOFFM | F13: Tops | G13: Off-Shoulder Top | H13: 1599 | I13: =IF(OR(H13<=0,H13>50000),"Outlier","Normal") -> Normal | J13: 2 | K13: =IF(J13>10,"Outlier","Normal") -> Normal | L13: 3198 | M13: =H13*J13*(1-(P13/100)) -> 2558.4 | N13: =IF(ABS(L13-M13)<1,"Match","Mismatch") -> Mismatch | O13: DIWALI20 | P13: 20 | Q13: =IF(OR(P13<0,C13>100),"Invalid","valid") -> Invalid | R13: Credit Card | S13: Mobile App | T13: Delhi | U13: Delhi | V13: Delhi | W13: 45582 | X13: =IF(AND(B13<>"",W13<>""),IF(B13<D13,"Invalid","Valid"),"Not applicable") -> Invalid | Y13: Delivered | Z13: =IF(AND(Y13="Cancelled",W13<>""),"Invalid","Valid") -> Valid | AA13: Yes | AB13: Wrong Item | AC13: =IF(AA13="Yes", IF(OR(AB13="", AB13="Not Applicable"), "Missing Reason", "Valid"), "Not Applicable") -> Valid | AD13: 45604 | AE13: =IF(AND(W13<>"",AD13<>""),IF(W13<AD13,"Invalid","Valid"),"Not Applicable") -> Invalid | AF13: Processed
... A76: UT-100158 | B76: 45604 | C76: CUST_10157 | D76: Returning | E76: BOTTIES | F76: Bottoms | G76: Tie Dye Pants | H76: 1599 | I76: =IF(OR(H76<=0,H76>50000),"Outlier","Normal") -> Normal | J76: 1 | K76: =IF(J76>10,"Outlier","Normal") -> Normal | L76: 1599 | M76: =H76*J76*(1-(P76/100)) -> 1599 | N76: =IF(ABS(L76-M76)<1,"Match","Mismatch") -> Match | O76: No code | P76: 0 | Q76: =IF(OR(P76<0,C76>100),"Invalid","valid") -> Invalid | R76: Credit Card | S76: Mobile App | T76: Gurgaon | U76: Haryana | V76: Delhi | W76: 45616 | X76: =IF(AND(B76<>"",W76<>""),IF(B76<D76,"Invalid","Valid"),"Not applicable") -> Invalid | Y76: Delivered | Z76: =IF(AND(Y76="Cancelled",W76<>""),"Invalid","Valid") -> Valid | AA76: Yes | AB76: Changed Mind | AC76: =IF(AA76="Yes", IF(OR(AB76="", AB76="Not Applicable"), "Missing Reason", "Valid"), "Not Applicable") -> Valid | AD76: 45644 | AE76: =IF(AND(W76<>"",AD76<>""),IF(W76<AD76,"Invalid","Valid"),"Not Applicable") -> Invalid | AF76: Processed
A77: UT-100156 | B77: 45603 | C77: CUST_10155 | D77: New | E77: TOPAJRM | F77: Tops | G77: Ajrakh Print Top | H77: 1799 | I77: =IF(OR(H77<=0,H77>50000),"Outlier","Normal") -> Normal | J77: 1 | K77: =IF(J77>10,"Outlier","Normal") -> Normal | L77: 1799 | M77: =H77*J77*(1-(P77/100)) -> 1529.15 | N77: =IF(ABS(L77-M77)<1,"Match","Mismatch") -> Mismatch | O77: 42309 | P77: 15 | Q77: =IF(OR(P77<0,C77>100),"Invalid","valid") -> Invalid | R77: UPI | S77: Instagram Shop | T77: Chandigarh | U77: Punjab | V77: Delhi | W77: 45616 | X77: =IF(AND(B77<>"",W77<>""),IF(B77<D77,"Invalid","Valid"),"Not applicable") -> Invalid | Y77: Delivered | Z77: =IF(AND(Y77="Cancelled",W77<>""),"Invalid","Valid") -> Valid | AA77: Yes | AB77: Wrong Item | AC77: =IF(AA77="Yes", IF(OR(AB77="", AB77="Not Applicable"), "Missing Reason", "Valid"), "Not Applicable") -> Valid | AD77: 45645 | AE77: =IF(AND(W77<>"",AD77<>""),IF(W77<AD77,"Invalid","Valid"),"Not Applicable") -> Invalid | AF77: Processed
A78: UT-100160 | B78: 45605 | C78: CUST_10159 | D78: New | E78: ACCHRMOS | F78: Accessories | G78: Hair Clip Set | H78: 499 | I78: =IF(OR(H78<=0,H78>50000),"Outlier","Normal") -> Normal | J78: 3 | K78: =IF(J78>10,"Outlier","Normal") -> Normal | L78: 1497 | M78: =H78*J78*(1-(P78/100)) -> 1497 | N78: =IF(ABS(L78-M78)<1,"Match","Mismatch") -> Match | O78: No code | P78: 0 | Q78: =IF(OR(P78<0,C78>100),"Invalid","valid") -> Invalid | R78: UPI | S78: Website | T78: Surat | U78: Gujarat | V78: Mumbai | W78: 45617 | X78: =IF(AND(B78<>"",W78<>""),IF(B78<D78,"Invalid","Valid"),"Not applicable") -> Invalid | Y78: Delivered | Z78: =IF(AND(Y78="Cancelled",W78<>""),"Invalid","Valid") -> Valid | AA78: Yes | AB78: Damaged in Transit | AC78: =IF(AA78="Yes", IF(OR(AB78="", AB78="Not Applicable"), "Missing Reason", "Valid"), "Not Applicable") -> Valid | AD78: 45645 | AE78: =IF(AND(W78<>"",AD78<>""),IF(W78<AD78,"Invalid","Valid"),"Not Applicable") -> Invalid | AF78: Processed
A79: UT-100154 | B79: 45603 | C79: CUST_10153 | D79: New | E79: OUTJQDL | F79: Outerwear | G79: Jacquard Jacket | H79: 4599 | I79: =IF(OR(H79<=0,H79>50000),"Outlier","Normal") -> Normal | J79: 1 | K79: =IF(J79>10,"Outlier","Normal") -> Normal | L79: 4599 | M79: =H79*J79*(1-(P79/100)) -> 4599 | N79: =IF(ABS(L79-M79)<1,"Match","Mismatch") -> Match | O79: No code | P79: 0 | Q79: =IF(OR(P79<0,C79>100),"Invalid","valid") -> Invalid | R79: Credit Card | S79: Website | T79: Mumbai | U79: Maharashtra | V79: Mumbai | W79: 45617 | X79: =IF(AND(B79<>"",W79<>""),IF(B79<D79,"Invalid","Valid"),"Not applicable") -> Invalid | Y79: Delivered | Z79: =IF(AND(Y79="Cancelled",W79<>""),"Invalid","Valid") -> Valid | AA79: Yes | AB79: Size Issue | AC79: =IF(AA79="Yes", IF(OR(AB79="", AB79="Not Applicable"), "Missing Reason", "Valid"), "Not Applicable") -> Valid | AD79: 45646 | AE79: =IF(AND(W79<>"",AD79<>""),IF(W79<AD79,"Invalid","Valid"),"Not Applicable") -> Invalid | AF79: Processed
A80: UT-100162 | B80: 45605 | C80: CUST_10161 | D80: New | E80: DRSFLRS | F80: Dresses | G80: Floral Print Dress | H80: 2399 | I80: =IF(OR(H80<=0,H80>50000),"Outlier","Normal") -> Normal | J80: 1 | K80: =IF(J80>10,"Outlier","Normal") -> Normal | L80: 2399 | M80: =H80*J80*(1-(P80/100)) -> 2039.15 | N80: =IF(ABS(L80-M80)<1,"Match","Mismatch") -> Mismatch | O80: 42309 | P80: 15 | Q80: =IF(OR(P80<0,C80>100),"Invalid","valid") -> Invalid | R80: Credit Card | S80: Instagram Shop | T80: Bhopal | U80: Madhya Pradesh | V80: Mumbai | W80: 45620 | X80: =IF(AND(B80<>"",W80<>""),IF(B80<D80,"Invalid","Valid"),"Not applicable") -> Invalid | Y80: Delivered | Z80: =IF(AND(Y80="Cancelled",W80<>""),"Invalid","Valid") -> Valid | AA80: Yes | AB80: Size Issue | AC80: =IF(AA80="Yes", IF(OR(AB80="", AB80="Not Applicable"), "Missing Reason", "Valid"), "Not Applicable") -> Valid | AD80: 45648 | AE80: =IF(AND(W80<>"",AD80<>""),IF(W80<AD80,"Invalid","Valid"),"Not Applicable") -> Invalid | AF80: Processed
A81: UT-100166 | B81: 45607 | C81: CUST_10165 | D81: New | E81: TOPSLVS | F81: Tops | G81: Sleeve Detail Top | H81: 1599 | I81: =IF(OR(H81<=0,H81>50000),"Outlier","Normal") -> Normal | J81: 1 | K81: =IF(J81>10,"Outlier","Normal") -> Normal | L81: 1599 | M81: =H81*J81*(1-(P81/100)) -> 1359.15 | N81: =IF(ABS(L81-M81)<1,"Match","Mismatch") -> Mismatch | O81: 42309 | P81: 15 | Q81: =IF(OR(P81<0,C81>100),"Invalid","valid") -> Invalid | R81: Credit Card | S81: Website | T81: Vizag | U81: Andhra Pradesh | V81: Bangalore | W81: 45620 | X81: =IF(AND(B81<>"",W81<>""),IF(B81<D81,"Invalid","Valid"),"Not applicable") -> Invalid | Y81: Delivered | Z81: =IF(AND(Y81="Cancelled",W81<>""),"Invalid","Valid") -> Valid | AA81: Yes | AB81: Size Issue | AC81: =IF(AA81="Yes", IF(OR(AB81="", AB81="Not Applicable"), "Missing Reason", "Valid"), "Not Applicable") -> Valid | AD81: 45649 | AE81: =IF(AND(W81<>"",AD81<>""),IF(W81<AD81,"Invalid","Valid"),"Not Applicable") -> Invalid | AF81: Processed
A82: UT-100164 | B82: 45575 | C82: CUST_10163 | D82: New | E82: OUTSTRL | F82: Outerwear | G82: Striped Blazer | H82: 4199 | I82: =IF(OR(H82<=0,H82>50000),"Outlier","Normal") -> Normal | J82: 1 | K82: =IF(J82>10,"Outlier","Normal") -> Normal | L82: 4199 | M82: =H82*J82*(1-(P82/100)) -> 4199 | N82: =IF(ABS(L82-M82)<1,"Match","Mismatch") -> Match | O82: No code | P82: 0 | Q82: =IF(OR(P82<0,C82>100),"Invalid","valid") -> Invalid | R82: UPI | S82: Mobile App | T82: Coimbatore | U82: Tamil Nadu | V82: Bangalore | W82: 45621 | X82: =IF(AND(B82<>"",W82<>""),IF(B82<D82,"Invalid","Valid"),"Not applicable") -> Invalid | Y82: Delivered | Z82: =IF(AND(Y82="Cancelled",W82<>""),"Invalid","Valid") -> Valid | AA82: Yes | AB82: Quality Defect | AC82: =IF(AA82="Yes", IF(OR(AB82="", AB82="Not Applicable"), "Missing Reason", "Valid"), "Not Applicable") -> Valid | AD82: 45650 | AE82: =IF(AND(W82<>"",AD82<>""),IF(W82<AD82,"Invalid","Valid"),"Not Applicable") -> Invalid | AF82: Processed
A83: UT-100171 | B83: 45608 | C83: CUST_10170 | D83: New | E83: TOPMCRM | F83: Tops | G83: Macrame Top | H83: 1899 | I83: =IF(OR(H83<=0,H83>50000),"Outlier","Normal") -> Normal | J83: 1 | K83: =IF(J83>10,"Outlier","Normal") -> Normal | L83: 1899 | M83: =H83*J83*(1-(P83/100)) -> 1899 | N83: =IF(ABS(L83-M83)<1,"Match","Mismatch") -> Match | O83: No code | P83: 0 | Q83: =IF(OR(P83<0,C83>100),"Invalid","valid") -> Invalid | R83: Debit Card | S83: Instagram Shop | T83: Kanpur | U83: Uttar Pradesh | V83: Delhi | W83: 45622 | X83: =IF(AND(B83<>"",W83<>""),IF(B83<D83,"Invalid","Valid"),"Not applicable") -> Invalid | Y83: Delivered | Z83: =IF(AND(Y83="Cancelled",W83<>""),"Invalid","Valid") -> Valid | AA83: Yes | AB83: Quality Defect | AC83: =IF(AA83="Yes", IF(OR(AB83="", AB83="Not Applicable"), "Missing Reason", "Valid"), "Not Applicable") -> Valid | AD83: 45650 | AE83: =IF(AND(W83<>"",AD83<>""),IF(W83<AD83,"Invalid","Valid"),"Not Applicable") -> Invalid | AF83: Processed
A84: UT-100167 | B84: 45607 | C84: CUST_10166 | D84: New | E84: DRSASYM | F84: Dresses | G84: Asymmetric Dress | H84: 2899 | I84: =IF(OR(H84<=0,H84>50000),"Outlier","Normal") -> Normal | J84: 1 | K84: =IF(J84>10,"Outlier","Normal") -> Normal | L84: 2899 | M84: =H84*J84*(1-(P84/100)) -> 2899 | N84: =IF(ABS(L84-M84)<1,"Match","Mismatch") -> Match | O84: No code | P84: 0 | Q84: =IF(OR(P84<0,C84>100),"Invalid","valid") -> Invalid | R84: COD | S84: Mobile App | T84: Thiruvananthapuram | U84: Kerala | V84: Bangalore | W84: 45622 | X84: =IF(AND(B84<>"",W84<>""),IF(B84<D84,"Invalid","Valid"),"Not applicable") -> Invalid | Y84: Delivered | Z84: =IF(AND(Y84="Cancelled",W84<>""),"Invalid","Valid") -> Valid | AA84: Yes | AB84: Wrong Item | AC84: =IF(AA84="Yes", IF(OR(AB84="", AB84="Not Applicable"), "Missing Reason", "Valid"), "Not Applicable") -> Valid | AD84: 45651 | AE84: =IF(AND(W84<>"",AD84<>""),IF(W84<AD84,"Invalid","Valid"),"Not Applicable") -> Invalid | AF84: Processed
A85: UT-100173 | B85: 45609 | C85: CUST_10172 | D85: Returning | E85: BOTVLTL | F85: Bottoms | G85: Velvet Pants | H85: 2499 | I85: =IF(OR(H85<=0,H85>50000),"Outlier","Normal") -> Normal | J85: 1 | K85: =IF(J85>10,"Outlier","Normal") -> Normal | L85: 2499 | M85: =H85*J85*(1-(P85/100)) -> 2124.15 | N85: =IF(ABS(L85-M85)<1,"Match","Mismatch") -> Mismatch | O85: 42309 | P85: 15 | Q85: =IF(OR(P85<0,C85>100),"Invalid","valid") -> Invalid | R85: Credit Card | S85: Mobile App | T85: Delhi | U85: Delhi | V85: Delhi | W85: 45622 | X85: =IF(AND(B85<>"",W85<>""),IF(B85<D85,"Invalid","Valid"),"Not applicable") -> Invalid | Y85: Delivered | Z85: =IF(AND(Y85="Cancelled",W85<>""),"Invalid","Valid") -> Valid | AA85: Yes | AB85: Size Issue | AC85: =IF(AA85="Yes", IF(OR(AB85="", AB85="Not Applicable"), "Missing Reason", "Valid"), "Not Applicable") -> Valid | AD85: 45651 | AE85: =IF(AND(W85<>"",AD85<>""),IF(W85<AD85,"Invalid","Valid"),"Not Applicable") -> Invalid | AF85: Processed
A86: UT-100175 | B86: 45610 | C86: CUST_10174 | D86: New | E86: ACCWVNOS | F86: Accessories | G86: Woven Bag | H86: 1599 | I86: =IF(OR(H86<=0,H86>50000),"Outlier","Normal") -> Normal | J86: 1 | K86: =IF(J86>10,"Outlier","Normal") -> Normal | L86: 1599 | M86: =H86*J86*(1-(P86/100)) -> 1599 | N86: =IF(ABS(L86-M86)<1,"Match","Mismatch") -> Match | O86: No code | P86: 0 | Q86: =IF(OR(P86<0,C86>100),"Invalid","valid") -> Invalid | R86: Wallet | S86: Website | T86: Chennai | U86: Tamil Nadu | V86: Bangalore | W86: 45623 | X86: =IF(AND(B86<>"",W86<>""),IF(B86<D86,"Invalid","Valid"),"Not applicable") -> Invalid | Y86: Delivered | Z86: =IF(AND(Y86="Cancelled",W86<>""),"Invalid","Valid") -> Valid | AA86: Yes | AB86: Damaged in Transit | AC86: =IF(AA86="Yes", IF(OR(AB86="", AB86="Not Applicable"), "Missing Reason", "Valid"), "Not Applicable") -> Valid | AD86: 45652 | AE86: =IF(AND(W86<>"",AD86<>""),IF(W86<AD86,"Invalid","Valid"),"Not Applicable") -> Invalid | AF86: Processed
A87: UT-100169 | B87: 45608 | C87: CUST_10168 | D87: New | E87: OUTTWDM | F87: Outerwear | G87: Tweed Jacket | H87: 5599 | I87: =IF(OR(H87<=0,H87>50000),"Outlier","Normal") -> Normal | J87: 1 | K87: =IF(J87>10,"Outlier","Normal") -> Normal | L87: 5599 | M87: =H87*J87*(1-(P87/100)) -> 5599 | N87: =IF(ABS(L87-M87)<1,"Match","Mismatch") -> Match | O87: No code | P87: 0 | Q87: =IF(OR(P87<0,C87>100),"Invalid","valid") -> Invalid | R87: Credit Card | S87: Website | T87: Vadodara | U87: Gujarat | V87: Mumbai | W87: 45623 | X87: =IF(AND(B87<>"",W87<>""),IF(B87<D87,"Invalid","Valid"),"Not applicable") -> Invalid | Y87: Delivered | Z87: =IF(AND(Y87="Cancelled",W87<>""),"Invalid","Valid") -> Valid | AA87: Yes | AB87: Changed Mind | AC87: =IF(AA87="Yes", IF(OR(AB87="", AB87="Not Applicable"), "Missing Reason", "Valid"), "Not Applicable") -> Valid | AD87: 45652 | AE87: =IF(AND(W87<>"",AD87<>""),IF(W87<AD87,"Invalid","Valid"),"Not Applicable") -> Invalid | AF87: Processed
A88: UT-100180 | B88: 45611 | C88: CUST_10179 | D88: New | E88: ACCMTLOS | F88: Accessories | G88: Metal Belt | H88: 899 | I88: =IF(OR(H88<=0,H88>50000),"Outlier","Normal") -> Normal | J88: 1 | K88: =IF(J88>10,"Outlier","Normal") -> Normal | L88: 899 | M88: =H88*J88*(1-(P88/100)) -> 899 | N88: =IF(ABS(L88-M88)<1,"Match","Mismatch") -> Match | O88: No code | P88: 0 | Q88: =IF(OR(P88<0,C88>100),"Invalid","valid") -> Invalid | R88: COD | S88: Instagram Shop | T88: Lucknow | U88: Uttar Pradesh | V88: Delhi | W88: 45624 | X88: =IF(AND(B88<>"",W88<>""),IF(B88<D88,"Invalid","Valid"),"Not applicable") -> Invalid | Y88: Delivered | Z88: =IF(AND(Y88="Cancelled",W88<>""),"Invalid","Valid") -> Valid | AA88: Yes | AB88: Changed Mind | AC88: =IF(AA88="Yes", IF(OR(AB88="", AB88="Not Applicable"), "Missing Reason", "Valid"), "Not Applicable") -> Valid | AD88: 45653 | AE88: =IF(AND(W88<>"",AD88<>""),IF(W88<AD88,"Invalid","Valid"),"Not Applicable") -> Invalid | AF88: Processed
A89: UT-100177 | B89: 45610 | C89: CUST_10176 | D89: New | E89: DRSCROS | F89: Dresses | G89: Crochet Dress | H89: 3199 | I89: =IF(OR(H89<=0,H89>50000),"Outlier","Normal") -> Normal | J89: 1 | K89: =IF(J89>10,"Outlier","Normal") -> Normal | L89: 3199 | M89: =H89*J89*(1-(P89/100)) -> 2719.15 | N89: =IF(ABS(L89-M89)<1,"Match","Mismatch") -> Mismatch | O89: 42309 | P89: 15 | Q89: =IF(OR(P89<0,C89>100),"Invalid","valid") -> Invalid | R89: Debit Card | S89: Instagram Shop | T89: Pune | U89: Maharashtra | V89: Mumbai | W89: 45625 | X89: =IF(AND(B89<>"",W89<>""),IF(B89<D89,"Invalid","Valid"),"Not applicable") -> Invalid | Y89: Delivered | Z89: =IF(AND(Y89="Cancelled",W89<>""),"Invalid","Valid") -> Valid | AA89: Yes | AB89: Size Issue | AC89: =IF(AA89="Yes", IF(OR(AB89="", AB89="Not Applicable"), "Missing Reason", "Valid"), "Not Applicable") -> Valid | AD89: 45654 | AE89: =IF(AND(W89<>"",AD89<>""),IF(W89<AD89,"Invalid","Valid"),"Not Applicable") -> Invalid | AF89: Processed
A90: UT-100227 | B90: 45627 | C90: CUST_10226 | D90: New | E90: OUTCOTM | F90: Outerwear | G90: Puffer Coat | H90: 6499 | I90: =IF(OR(H90<=0,H90>50000),"Outlier","Normal") -> Normal | J90: 1 | K90: =IF(J90>10,"Outlier","Normal") -> Normal | L90: 6499 | M90: =H90*J90*(1-(P90/100)) -> 5199.2 | N90: =IF(ABS(L90-M90)<1,"Match","Mismatch") -> Mismatch | O90: 44166 | P90: 20 | Q90: =IF(OR(P90<0,C90>100),"Invalid","valid") -> Invalid | R90: COD | S90: Mobile App | T90: Delhi | U90: Delhi | V90: Delhi | W90: 45634 | X90: =IF(AND(B90<>"",W90<>""),IF(B90<D90,"Invalid","Valid"),"Not applicable") -> Invalid | Y90: Delivered | Z90: =IF(AND(Y90="Cancelled",W90<>""),"Invalid","Valid") -> Valid | AA90: Yes | AB90: Changed Mind | AC90: =IF(AA90="Yes", IF(OR(AB90="", AB90="Not Applicable"), "Missing Reason", "Valid"), "Not Applicable") -> Valid | AD90: 45654 | AE90: =IF(AND(W90<>"",AD90<>""),IF(W90<AD90,"Invalid","Valid"),"Not Applicable") -> Invalid | AF90: Pending
A91: UT-100179 | B91: 45611 | C91: CUST_10178 | D91: New | E91: OUTHRNL | F91: Outerwear | G91: Herringbone Coat | H91: 6999 | I91: =IF(OR(H91<=0,H91>50000),"Outlier","Normal") -> Normal | J91: 1 | K91: =IF(J91>10,"Outlier","Normal") -> Normal | L91: 6999 | M91: =H91*J91*(1-(P91/100)) -> 6999 | N91: =IF(ABS(L91-M91)<1,"Match","Mismatch") -> Match | O91: No code | P91: 0 | Q91: =IF(OR(P91<0,C91>100),"Invalid","valid") -> Invalid | R91: UPI | S91: Mobile App | T91: Jaipur | U91: Rajasthan | V91: Delhi | W91: 45626 | X91: =IF(AND(B91<>"",W91<>""),IF(B91<D91,"Invalid","Valid"),"Not applicable") -> Invalid | Y91: Delivered | Z91: =IF(AND(Y91="Cancelled",W91<>""),"Invalid","Valid") -> Valid | AA91: Yes | AB91: Wrong Item | AC91: =IF(AA91="Yes", IF(OR(AB91="", AB91="Not Applicable"), "Missing Reason", "Valid"), "Not Applicable") -> Valid | AD91: 45655 | AE91: =IF(AND(W91<>"",AD91<>""),IF(W91<AD91,"Invalid","Valid"),"Not Applicable") -> Invalid | AF91: Processed
A92: UT-100186 | B92: 45613 | C92: CUST_10185 | D92: New | E92: TOPKNTM | F92: Tops | G92: Knotted Top | H92: 1599 | I92: =IF(OR(H92<=0,H92>50000),"Outlier","Normal") -> Normal | J92: 1 | K92: =IF(J92>10,"Outlier","Normal") -> Normal | L92: 1599 | M92: =H92*J92*(1-(P92/100)) -> 1599 | N92: =IF(ABS(L92-M92)<1,"Match","Mismatch") -> Match | O92: No code | P92: 0 | Q92: =IF(OR(P92<0,C92>100),"Invalid","valid") -> Invalid | R92: Credit Card | S92: Instagram Shop | T92: Gurgaon | U92: Haryana | V92: Delhi | W92: 45627 | X92: =IF(AND(B92<>"",W92<>""),IF(B92<D92,"Invalid","Valid"),"Not applicable") -> Invalid | Y92: Delivered | Z92: =IF(AND(Y92="Cancelled",W92<>""),"Invalid","Valid") -> Valid | AA92: Yes | AB92: Damaged in Transit | AC92: =IF(AA92="Yes", IF(OR(AB92="", AB92="Not Applicable"), "Missing Reason", "Valid"), "Not Applicable") -> Valid | AD92: 45655 | AE92: =IF(AND(W92<>"",AD92<>""),IF(W92<AD92,"Invalid","Valid"),"Not Applicable") -> Invalid | AF92: Processed
A93: UT-100229 | B93: 45627 | C93: CUST_10228 | D93: New | E93: DRSPLTM | F93: Dresses | G93: Pleated Dress | H93: 2899 | I93: =IF(OR(H93<=0,H93>50000),"Outlier","Normal") -> Normal | J93: 1 | K93: =IF(J93>10,"Outlier","Normal") -> Normal | L93: 2899 | M93: =H93*J93*(1-(P93/100)) -> 2319.2 | N93: =IF(ABS(L93-M93)<1,"Match","Mismatch") -> Mismatch | O93: 44166 | P93: 20 | Q93: =IF(OR(P93<0,C93>100),"Invalid","valid") -> Invalid | R93: Debit Card | S93: Website | T93: Amritsar | U93: Punjab | V93: Delhi | W93: 45635 | X93: =IF(AND(B93<>"",W93<>""),IF(B93<D93,"Invalid","Valid"),"Not applicable") -> Invalid | Y93: Delivered | Z93: =IF(AND(Y93="Cancelled",W93<>""),"Invalid","Valid") -> Valid | AA93: Yes | AB93: Size Issue | AC93: =IF(AA93="Yes", IF(OR(AB93="", AB93="Not Applicable"), "Missing Reason", "Valid"), "Not Applicable") -> Valid | AD93: 45656 | AE93: =IF(AND(W93<>"",AD93<>""),IF(W93<AD93,"Invalid","Valid"),"Not Applicable") -> Invalid | AF93: Processed
A94: UT-100188 | B94: 45614 | C94: CUST_10187 | D94: Returning | E94: BOTGLTS | F94: Bottoms | G94: Glitter Pants | H94: 2299 | I94: =IF(OR(H94<=0,H94>50000),"Outlier","Normal") -> Normal | J94: 1 | K94: =IF(J94>10,"Outlier","Normal") -> Normal | L94: 2299 | M94: =H94*J94*(1-(P94/100)) -> 2299 | N94: =IF(ABS(L94-M94)<1,"Match","Mismatch") -> Match | O94: No code | P94: 0 | Q94: =IF(OR(P94<0,C94>100),"Invalid","valid") -> Invalid | R94: UPI | S94: Mobile App | T94: Surat | U94: Gujarat | V94: Mumbai | W94: 45627 | X94: =IF(AND(B94<>"",W94<>""),IF(B94<D94,"Invalid","Valid"),"Not applicable") -> Invalid | Y94: Delivered | Z94: =IF(AND(Y94="Cancelled",W94<>""),"Invalid","Valid") -> Valid | AA94: Yes | AB94: Size Issue | AC94: =IF(AA94="Yes", IF(OR(AB94="", AB94="Not Applicable"), "Missing Reason", "Valid"), "Not Applicable") -> Valid | AD94: 45656 | AE94: =IF(AND(W94<>"",AD94<>""),IF(W94<AD94,"Invalid","Valid"),"Not Applicable") -> Invalid | AF94: Processed
A95: UT-100182 | B95: 45612 | C95: CUST_10181 | D95: New | E95: DRSTRFM | F95: Dresses | G95: Tiered Ruffle Dress | H95: 2999 | I95: =IF(OR(H95<=0,H95>50000),"Outlier","Normal") -> Normal | J95: 1 | K95: =IF(J95>10,"Outlier","Normal") -> Normal | L95: 2999 | M95: =H95*J95*(1-(P95/100)) -> 2999 | N95: =IF(ABS(L95-M95)<1,"Match","Mismatch") -> Match | O95: No code | P95: 0 | Q95: =IF(OR(P95<0,C95>100),"Invalid","valid") -> Invalid | R95: Debit Card | S95: Mobile App | T95: Mumbai | U95: Maharashtra | V95: Mumbai | W95: 45627 | X95: =IF(AND(B95<>"",W95<>""),IF(B95<D95,"Invalid","Valid"),"Not applicable") -> Invalid | Y95: Delivered | Z95: =IF(AND(Y95="Cancelled",W95<>""),"Invalid","Valid") -> Valid | AA95: Yes | AB95: Quality Defect | AC95: =IF(AA95="Yes", IF(OR(AB95="", AB95="Not Applicable"), "Missing Reason", "Valid"), "Not Applicable") -> Valid | AD95: 45656 | AE95: =IF(AND(W95<>"",AD95<>""),IF(W95<AD95,"Invalid","Valid"),"Not Applicable") -> Invalid | AF95: Processed
A96: UT-100184 | B96: 45613 | C96: CUST_10183 | D96: New | E96: OUTCMLM | F96: Outerwear | G96: Camel Coat | H96: 7499 | I96: =IF(OR(H96<=0,H96>50000),"Outlier","Normal") -> Normal | J96: 1 | K96: =IF(J96>10,"Outlier","Normal") -> Normal | L96: 7499 | M96: =H96*J96*(1-(P96/100)) -> 7499 | N96: =IF(ABS(L96-M96)<1,"Match","Mismatch") -> Match | O96: No code | P96: 0 | Q96: =IF(OR(P96<0,C96>100),"Invalid","valid") -> Invalid | R96: UPI | S96: Website | T96: Chandigarh | U96: Punjab | V96: Delhi | W96: 45628 | X96: =IF(AND(B96<>"",W96<>""),IF(B96<D96,"Invalid","Valid"),"Not applicable") -> Invalid | Y96: Delivered | Z96: =IF(AND(Y96="Cancelled",W96<>""),"Invalid","Valid") -> Valid | AA96: Yes | AB96: Size Issue | AC96: =IF(AA96="Yes", IF(OR(AB96="", AB96="Not Applicable"), "Missing Reason", "Valid"), "Not Applicable") -> Valid | AD96: 45657 | AE96: =IF(AND(W96<>"",AD96<>""),IF(W96<AD96,"Invalid","Valid"),"Not Applicable") -> Invalid | AF96: Processed
A97: UT-100189 | B97: 45614 | C97: CUST_10188 | D97: New | E97: OUTFXFM | F97: Outerwear | G97: Faux Fur Jacket | H97: 5999 | I97: =IF(OR(H97<=0,H97>50000),"Outlier","Normal") -> Normal | J97: 1 | K97: =IF(J97>10,"Outlier","Normal") -> Normal | L97: 5999 | M97: =H97*J97*(1-(P97/100)) -> 5099.15 | N97: =IF(ABS(L97-M97)<1,"Match","Mismatch") -> Mismatch | O97: 42309 | P97: 15 | Q97: =IF(OR(P97<0,C97>100),"Invalid","valid") -> Invalid | R97: Debit Card | S97: Instagram Shop | T97: Patna | U97: Bihar | V97: Delhi | W97: 45630 | X97: =IF(AND(B97<>"",W97<>""),IF(B97<D97,"Invalid","Valid"),"Not applicable") -> Invalid | Y97: Delivered | Z97: =IF(AND(Y97="Cancelled",W97<>""),"Invalid","Valid") -> Valid | AA97: Yes | AB97: Wrong Item | AC97: =IF(AA97="Yes", IF(OR(AB97="", AB97="Not Applicable"), "Missing Reason", "Valid"), "Not Applicable") -> Valid | AD97: 45659 | AE97: =IF(AND(W97<>"",AD97<>""),IF(W97<AD97,"Invalid","Valid"),"Not Applicable") -> Invalid | AF97: Processed
A98: UT-100232 | B98: 45628 | C98: CUST_10231 | D98: New | E98: OUTWNDL | F98: Outerwear | G98: Windbreaker | H98: 3299 | I98: =IF(OR(H98<=0,H98>50000),"Outlier","Normal") -> Normal | J98: 1 | K98: =IF(J98>10,"Outlier","Normal") -> Normal | L98: 3299 | M98: =H98*J98*(1-(P98/100)) -> 3299 | N98: =IF(ABS(L98-M98)<1,"Match","Mismatch") -> Match | O98: No code | P98: 0 | Q98: =IF(OR(P98<0,C98>100),"Invalid","valid") -> Invalid | R98: UPI | S98: Website | T98: Srinagar | U98: Jammu & Kashmir | V98: Delhi | W98: 45637 | X98: =IF(AND(B98<>"",W98<>""),IF(B98<D98,"Invalid","Valid"),"Not applicable") -> Invalid | Y98: Delivered | Z98: =IF(AND(Y98="Cancelled",W98<>""),"Invalid","Valid") -> Valid | AA98: Yes | AB98: Wrong Item | AC98: =IF(AA98="Yes", IF(OR(AB98="", AB98="Not Applicable"), "Missing Reason", "Valid"), "Not Applicable") -> Valid | AD98: 45659 | AE98: =IF(AND(W98<>"",AD98<>""),IF(W98<AD98,"Invalid","Valid"),"Not Applicable") -> Invalid | AF98: Pending
A99: UT-100234 | B99: 45629 | C99: CUST_10233 | D99: New | E99: TOPSWTS | F99: Tops | G99: Cropped Sweater | H99: 2199 | I99: =IF(OR(H99<=0,H99>50000),"Outlier","Normal") -> Normal | J99: 1 | K99: =IF(J99>10,"Outlier","Normal") -> Normal | L99: 2199 | M99: =H99*J99*(1-(P99/100)) -> 2199 | N99: =IF(ABS(L99-M99)<1,"Match","Mismatch") -> Match | O99: No code | P99: 0 | Q99: =IF(OR(P99<0,C99>100),"Invalid","valid") -> Invalid | R99: Debit Card | S99: Instagram Shop | T99: Darjeeling | U99: West Bengal | V99: Delhi | W99: 45638 | X99: =IF(AND(B99<>"",W99<>""),IF(B99<D99,"Invalid","Valid"),"Not applicable") -> Invalid | Y99: Delivered | Z99: =IF(AND(Y99="Cancelled",W99<>""),"Invalid","Valid") -> Valid | AA99: Yes | AB99: Size Issue | AC99: =IF(AA99="Yes", IF(OR(AB99="", AB99="Not Applicable"), "Missing Reason", "Valid"), "Not Applicable") -> Valid | AD99: 45660 | AE99: =IF(AND(W99<>"",AD99<>""),IF(W99<AD99,"Invalid","Valid"),"Not Applicable") -> Invalid | AF99: Processed
A100: UT-100196 | B100: 45617 | C100: CUST_10195 | D100: New | E100: TOPMTLS | F100: Tops | G100: Metallic Top | H100: 1999 | I100: =IF(OR(H100<=0,H100>50000),"Outlier","Normal") -> Normal | J100: 1 | K100: =IF(J100>10,"Outlier","Normal") -> Normal | L100: 1999 | M100: =H100*J100*(1-(P100/100)) -> 1999 | N100: =IF(ABS(L100-M100)<1,"Match","Mismatch") -> Match | O100: No code | P100: 0 | Q100: =IF(OR(P100<0,C100>100),"Invalid","valid") -> Invalid | R100: UPI | S100: Website | T100: Mysore | U100: Karnataka | V100: Bangalore | W100: 45631 | X100: =IF(AND(B100<>"",W100<>""),IF(B100<D100,"Invalid","Valid"),"Not applicable") -> Invalid | Y100: Delivered | Z100: =IF(AND(Y100="Cancelled",W100<>""),"Invalid","Valid") -> Valid | AA100: Yes | AB100: Size Issue | AC100: =IF(AA100="Yes", IF(OR(AB100="", AB100="Not Applicable"), "Missing Reason", "Valid"), "Not Applicable") -> Valid | AD100: 45660 | AE100: =IF(AND(W100<>"",AD100<>""),IF(W100<AD100,"Invalid","Valid"),"Not Applicable") -> Invalid | AF100: Processed
A101: UT-100192 | B101: 45615 | C101: CUST_10191 | D101: New | E101: DRSVLRS | F101: Dresses | G101: Velour Dress | H101: 2999 | I101: =IF(OR(H101<=0,H101>50000),"Outlier","Normal") -> Normal | J101: 1 | K101: =IF(J101>10,"Outlier","Normal") -> Normal | L101: 2999 | M101: =H101*J101*(1-(P101/100)) -> 2999 | N101: =IF(ABS(L101-M101)<1,"Match","Mismatch") -> Match | O101: No code | P101: 0 | Q101: =IF(OR(P101<0,C101>100),"Invalid","valid") -> Invalid | R101: UPI | S101: Instagram Shop | T101: Coimbatore | U101: Tamil Nadu | V101: Bangalore | W101: 45631 | X101: =IF(AND(B101<>"",W101<>""),IF(B101<D101,"Invalid","Valid"),"Not applicable") -> Invalid | Y101: Delivered | Z101: =IF(AND(Y101="Cancelled",W101<>""),"Invalid","Valid") -> Valid | AA101: Yes | AB101: Changed Mind | AC101: =IF(AA101="Yes", IF(OR(AB101="", AB101="Not Applicable"), "Missing Reason", "Valid"), "Not Applicable") -> Valid | AD101: 45660 | AE101: =IF(AND(W101<>"",AD101<>""),IF(W101<AD101,"Invalid","Valid"),"Not Applicable") -> Invalid | AF101: Processed
A102: UT-100203 | B102: 45619 | C102: CUST_10202 | D102: Returning | E102: BOTORGM | F102: Bottoms | G102: Organza Pants | H102: 2399 | I102: =IF(OR(H102<=0,H102>50000),"Outlier","Normal") -> Normal | J102: 1 | K102: =IF(J102>10,"Outlier","Normal") -> Normal | L102: 2399 | M102: =H102*J102*(1-(P102/100)) -> 2399 | N102: =IF(ABS(L102-M102)<1,"Match","Mismatch") -> Match | O102: No code | P102: 0 | Q102: =IF(OR(P102<0,C102>100),"Invalid","valid") -> Invalid | R102: COD | S102: Mobile App | T102: Chennai | U102: Tamil Nadu | V102: Bangalore | W102: 45633 | X102: =IF(AND(B102<>"",W102<>""),IF(B102<D102,"Invalid","Valid"),"Not applicable") -> Invalid | Y102: Delivered | Z102: =IF(AND(Y102="Cancelled",W102<>""),"Invalid","Valid") -> Valid | AA102: Yes | AB102: Quality Defect | AC102: =IF(AA102="Yes", IF(OR(AB102="", AB102="Not Applicable"), "Missing Reason", "Valid"), "Not Applicable") -> Valid | AD102: 45661 | AE102: =IF(AND(W102<>"",AD102<>""),IF(W102<AD102,"Invalid","Valid"),"Not Applicable") -> Invalid | AF102: Processed
A103: UT-100194 | B103: 45616 | C103: CUST_10193 | D103: New | E103: OUTSHNL | F103: Outerwear | G103: Shiny Jacket | H103: 4899 | I103: =IF(OR(H103<=0,H103>50000),"Outlier","Normal") -> Normal | J103: 1 | K103: =IF(J103>10,"Outlier","Normal") -> Normal | L103: 4899 | M103: =H103*J103*(1-(P103/100)) -> 4899 | N103: =IF(ABS(L103-M103)<1,"Match","Mismatch") -> Match | O103: No code | P103: 0 | Q103: =IF(OR(P103<0,C103>100),"Invalid","valid") -> Invalid | R103: Debit Card | S103: Mobile App | T103: Vizag | U103: Andhra Pradesh | V103: Bangalore | W103: 45632 | X103: =IF(AND(B103<>"",W103<>""),IF(B103<D103,"Invalid","Valid"),"Not applicable") -> Invalid | Y103: Delivered | Z103: =IF(AND(Y103="Cancelled",W103<>""),"Invalid","Valid") -> Valid | AA103: Yes | AB103: Quality Defect | AC103: =IF(AA103="Yes", IF(OR(AB103="", AB103="Not Applicable"), "Missing Reason", "Valid"), "Not Applicable") -> Valid | AD103: 45661 | AE103: =IF(AND(W103<>"",AD103<>""),IF(W103<AD103,"Invalid","Valid"),"Not Applicable") -> Invalid | AF103: Processed
A104: UT-100197 | B104: 45617 | C104: CUST_10196 | D104: New | E104: DRSGLMM | F104: Dresses | G104: Glamour Dress | H104: 3499 | I104: =IF(OR(H104<=0,H104>50000),"Outlier","Normal") -> Normal | J104: 1 | K104: =IF(J104>10,"Outlier","Normal") -> Normal | L104: 3499 | M104: =H104*J104*(1-(P104/100)) -> 2974.15 | N104: =IF(ABS(L104-M104)<1,"Match","Mismatch") -> Mismatch | O104: 42309 | P104: 15 | Q104: =IF(OR(P104<0,C104>100),"Invalid","valid") -> Invalid | R104: COD | S104: Mobile App | T104: Vadodara | U104: Gujarat | V104: Mumbai | W104: 45633 | X104: =IF(AND(B104<>"",W104<>""),IF(B104<D104,"Invalid","Valid"),"Not applicable") -> Invalid | Y104: Delivered | Z104: =IF(AND(Y104="Cancelled",W104<>""),"Invalid","Valid") -> Valid | AA104: Yes | AB104: Wrong Item | AC104: =IF(AA104="Yes", IF(OR(AB104="", AB104="Not Applicable"), "Missing Reason", "Valid"), "Not Applicable") -> Valid | AD104: 45662 | AE104: =IF(AND(W104<>"",AD104<>""),IF(W104<AD104,"Invalid","Valid"),"Not Applicable") -> Invalid | AF104: Processed
A105: UT-100236 | B105: 45629 | C105: CUST_10235 | D105: New | E105: BOTWOLL | F105: Bottoms | G105: Wool Trousers | H105: 2999 | I105: =IF(OR(H105<=0,H105>50000),"Outlier","Normal") -> Normal | J105: 1 | K105: =IF(J105>10,"Outlier","Normal") -> Normal | L105: 2999 | M105: =H105*J105*(1-(P105/100)) -> 2999 | N105: =IF(ABS(L105-M105)<1,"Match","Mismatch") -> Match | O105: No code | P105: 0 | Q105: =IF(OR(P105<0,C105>100),"Invalid","valid") -> Invalid | R105: UPI | S105: Mobile App | T105: Shillong | U105: Meghalaya | V105: Delhi | W105: 45640 | X105: =IF(AND(B105<>"",W105<>""),IF(B105<D105,"Invalid","Valid"),"Not applicable") -> Invalid | Y105: Delivered | Z105: =IF(AND(Y105="Cancelled",W105<>""),"Invalid","Valid") -> Valid | AA105: Yes | AB105: Quality Defect | AC105: =IF(AA105="Yes", IF(OR(AB105="", AB105="Not Applicable"), "Missing Reason", "Valid"), "Not Applicable") -> Valid | AD105: 45662 | AE105: =IF(AND(W105<>"",AD105<>""),IF(W105<AD105,"Invalid","Valid"),"Not Applicable") -> Invalid | AF105: Processed
A106: UT-100201 | B106: 45618 | C106: CUST_10200 | D106: New | E106: TOPSHRL | F106: Tops | G106: Sheer Top | H106: 1699 | I106: =IF(OR(H106<=0,H106>50000),"Outlier","Normal") -> Normal | J106: 1 | K106: =IF(J106>10,"Outlier","Normal") -> Normal | L106: 1699 | M106: =H106*J106*(1-(P106/100)) -> 1444.15 | N106: =IF(ABS(L106-M106)<1,"Match","Mismatch") -> Mismatch | O106: 42309 | P106: 15 | Q106: =IF(OR(P106<0,C106>100),"Invalid","valid") -> Invalid | R106: UPI | S106: Instagram Shop | T106: Delhi | U106: Delhi | V106: Delhi | W106: 45633 | X106: =IF(AND(B106<>"",W106<>""),IF(B106<D106,"Invalid","Valid"),"Not applicable") -> Invalid | Y106: Delivered | Z106: =IF(AND(Y106="Cancelled",W106<>""),"Invalid","Valid") -> Valid | AA106: Yes | AB106: Damaged in Transit | AC106: =IF(AA106="Yes", IF(OR(AB106="", AB106="Not Applicable"), "Missing Reason", "Valid"), "Not Applicable") -> Valid | AD106: 45662 | AE106: =IF(AND(W106<>"",AD106<>""),IF(W106<AD106,"Invalid","Valid"),"Not Applicable") -> Invalid | AF106: Processed
A107: UT-100240 | B107: 45630 | C107: CUST_10239 | D107: New | E107: DRSNYES | F107: Dresses | G107: Sequin Party Dress | H107: 4999 | I107: =IF(OR(H107<=0,H107>50000),"Outlier","Normal") -> Normal | J107: 1 | K107: =IF(J107>10,"Outlier","Normal") -> Normal | L107: 4999 | M107: =H107*J107*(1-(P107/100)) -> 4999 | N107: =IF(ABS(L107-M107)<1,"Match","Mismatch") -> Match | O107: No code | P107: 0 | Q107: =IF(OR(P107<0,C107>100),"Invalid","valid") -> Invalid | R107: Debit Card | S107: Instagram Shop | T107: Goa | U107: Goa | V107: Mumbai | W107: 45640 | X107: =IF(AND(B107<>"",W107<>""),IF(B107<D107,"Invalid","Valid"),"Not applicable") -> Invalid | Y107: Delivered | Z107: =IF(AND(Y107="Cancelled",W107<>""),"Invalid","Valid") -> Valid | AA107: Yes | AB107: Size Issue | AC107: =IF(AA107="Yes", IF(OR(AB107="", AB107="Not Applicable"), "Missing Reason", "Valid"), "Not Applicable") -> Valid | AD107: 45663 | AE107: =IF(AND(W107<>"",AD107<>""),IF(W107<AD107,"Invalid","Valid"),"Not Applicable") -> Invalid | AF107: Processed
A108: UT-100199 | B108: 45618 | C108: CUST_10198 | D108: New | E108: OUTSPKM | F108: Outerwear | G108: Sparkle Jacket | H108: 5499 | I108: =IF(OR(H108<=0,H108>50000),"Outlier","Normal") -> Normal | J108: 1 | K108: =IF(J108>10,"Outlier","Normal") -> Normal | L108: 5499 | M108: =H108*J108*(1-(P108/100)) -> 5499 | N108: =IF(ABS(L108-M108)<1,"Match","Mismatch") -> Match | O108: No code | P108: 0 | Q108: =IF(OR(P108<0,C108>100),"Invalid","valid") -> Invalid | R108: Wallet | S108: Website | T108: Kanpur | U108: Uttar Pradesh | V108: Delhi | W108: 45634 | X108: =IF(AND(B108<>"",W108<>""),IF(B108<D108,"Invalid","Valid"),"Not applicable") -> Invalid | Y108: Delivered | Z108: =IF(AND(Y108="Cancelled",W108<>""),"Invalid","Valid") -> Valid | AA108: Yes | AB108: Changed Mind | AC108: =IF(AA108="Yes", IF(OR(AB108="", AB108="Not Applicable"), "Missing Reason", "Valid"), "Not Applicable") -> Valid | AD108: 45663 | AE108: =IF(AND(W108<>"",AD108<>""),IF(W108<AD108,"Invalid","Valid"),"Not Applicable") -> Invalid | AF108: Processed
A109: UT-100208 | B109: 45621 | C109: CUST_10207 | D109: Returning | E109: BOTEMBS | F109: Bottoms | G109: Embroidered Pants | H109: 2099 | I109: =IF(OR(H109<=0,H109>50000),"Outlier","Normal") -> Normal | J109: 1 | K109: =IF(J109>10,"Outlier","Normal") -> Normal | L109: 2099 | M109: =H109*J109*(1-(P109/100)) -> 2099 | N109: =IF(ABS(L109-M109)<1,"Match","Mismatch") -> Match | O109: No code | P109: 0 | Q109: =IF(OR(P109<0,C109>100),"Invalid","valid") -> Invalid | R109: UPI | S109: Website | T109: Lucknow | U109: Uttar Pradesh | V109: Delhi | W109: 45635 | X109: =IF(AND(B109<>"",W109<>""),IF(B109<D109,"Invalid","Valid"),"Not applicable") -> Invalid | Y109: Delivered | Z109: =IF(AND(Y109="Cancelled",W109<>""),"Invalid","Valid") -> Valid | AA109: Yes | AB109: Changed Mind | AC109: =IF(AA109="Yes", IF(OR(AB109="", AB109="Not Applicable"), "Missing Reason", "Valid"), "Not Applicable") -> Valid | AD109: 45663 | AE109: =IF(AND(W109<>"",AD109<>""),IF(W109<AD109,"Invalid","Valid"),"Not Applicable") -> Invalid | AF109: Processed
A110: UT-100206 | B110: 45620 | C110: CUST_10205 | D110: New | E110: TOPBDSM | F110: Tops | G110: Beaded Top | H110: 2299 | I110: =IF(OR(H110<=0,H110>50000),"Outlier","Normal") -> Normal | J110: 1 | K110: =IF(J110>10,"Outlier","Normal") -> Normal | L110: 2299 | M110: =H110*J110*(1-(P110/100)) -> 2299 | N110: =IF(ABS(L110-M110)<1,"Match","Mismatch") -> Match | O110: No code | P110: 0 | Q110: =IF(OR(P110<0,C110>100),"Invalid","valid") -> Invalid | R110: Debit Card | S110: Mobile App | T110: Ahmedabad | U110: Gujarat | V110: Mumbai | W110: 45635 | X110: =IF(AND(B110<>"",W110<>""),IF(B110<D110,"Invalid","Valid"),"Not applicable") -> Invalid | Y110: Delivered | Z110: =IF(AND(Y110="Cancelled",W110<>""),"Invalid","Valid") -> Valid | AA110: Yes | AB110: Wrong Item | AC110: =IF(AA110="Yes", IF(OR(AB110="", AB110="Not Applicable"), "Missing Reason", "Valid"), "Not Applicable") -> Valid | AD110: 45664 | AE110: =IF(AND(W110<>"",AD110<>""),IF(W110<AD110,"Invalid","Valid"),"Not Applicable") -> Invalid | AF110: Processed
A111: UT-100204 | B111: 45619 | C111: CUST_10203 | D111: New | E111: OUTMETL | F111: Outerwear | G111: Metallic Coat | H111: 6799 | I111: =IF(OR(H111<=0,H111>50000),"Outlier","Normal") -> Normal | J111: 1 | K111: =IF(J111>10,"Outlier","Normal") -> Normal | L111: 6799 | M111: =H111*J111*(1-(P111/100)) -> 6799 | N111: =IF(ABS(L111-M111)<1,"Match","Mismatch") -> Match | O111: No code | P111: 0 | Q111: =IF(OR(P111<0,C111>100),"Invalid","valid") -> Invalid | R111: UPI | S111: Instagram Shop | T111: Hyderabad | U111: Telangana | V111: Bangalore | W111: 45636 | X111: =IF(AND(B111<>"",W111<>""),IF(B111<D111,"Invalid","Valid"),"Not applicable") -> Invalid | Y111: Delivered | Z111: =IF(AND(Y111="Cancelled",W111<>""),"Invalid","Valid") -> Valid | AA111: Yes | AB111: Size Issue | AC111: =IF(AA111="Yes", IF(OR(AB111="", AB111="Not Applicable"), "Missing Reason", "Valid"), "Not Applicable") -> Valid | AD111: 45665 | AE111: =IF(AND(W111<>"",AD111<>""),IF(W111<AD111,"Invalid","Valid"),"Not Applicable") -> Invalid | AF111: Processed
A112: UT-100211 | B112: 45622 | C112: CUST_10210 | D112: New | E112: TOPFTRS | F112: Tops | G112: Feather Top | H112: 1899 | I112: =IF(OR(H112<=0,H112>50000),"Outlier","Normal") -> Normal | J112: 1 | K112: =IF(J112>10,"Outlier","Normal") -> Normal | L112: 1899 | M112: =H112*J112*(1-(P112/100)) -> 1899 | N112: =IF(ABS(L112-M112)<1,"Match","Mismatch") -> Match | O112: No code | P112: 0 | Q112: =IF(OR(P112<0,C112>100),"Invalid","valid") -> Invalid | R112: Wallet | S112: Website | T112: Delhi | U112: Delhi | V112: Delhi | W112: 45637 | X112: =IF(AND(B112<>"",W112<>""),IF(B112<D112,"Invalid","Valid"),"Not applicable") -> Invalid | Y112: Delivered | Z112: =IF(AND(Y112="Cancelled",W112<>""),"Invalid","Valid") -> Valid | AA112: Yes | AB112: Damaged in Transit | AC112: =IF(AA112="Yes", IF(OR(AB112="", AB112="Not Applicable"), "Missing Reason", "Valid"), "Not Applicable") -> Valid | AD112: 45665 | AE112: =IF(AND(W112<>"",AD112<>""),IF(W112<AD112,"Invalid","Valid"),"Not Applicable") -> Invalid | AF112: Processed
A113: UT-100242 | B113: 45631 | C113: CUST_10241 | D113: New | E113: BOTVLVS | F113: Bottoms | G113: Velvet Pants | H113: 2599 | I113: =IF(OR(H113<=0,H113>50000),"Outlier","Normal") -> Normal | J113: 1 | K113: =IF(J113>10,"Outlier","Normal") -> Normal | L113: 2599 | M113: =H113*J113*(1-(P113/100)) -> 2599 | N113: =IF(ABS(L113-M113)<1,"Match","Mismatch") -> Match | O113: No code | P113: 0 | Q113: =IF(OR(P113<0,C113>100),"Invalid","valid") -> Invalid | R113: Credit Card | S113: Mobile App | T113: Bangalore | U113: Karnataka | V113: Bangalore | W113: 45641 | X113: =IF(AND(B113<>"",W113<>""),IF(B113<D113,"Invalid","Valid"),"Not applicable") -> Invalid | Y113: Delivered | Z113: =IF(AND(Y113="Cancelled",W113<>""),"Invalid","Valid") -> Valid | AA113: Yes | AB113: Changed Mind | AC113: =IF(AA113="Yes", IF(OR(AB113="", AB113="Not Applicable"), "Missing Reason", "Valid"), "Not Applicable") -> Valid | AD113: 45665 | AE113: =IF(AND(W113<>"",AD113<>""),IF(W113<AD113,"Invalid","Valid"),"Not Applicable") -> Invalid | AF113: Processed
A114: UT-100213 | B114: 45622 | C114: CUST_10212 | D114: Returning | E114: BOTSQNL | F114: Bottoms | G114: Sequin Skirt | H114: 2699 | I114: =IF(OR(H114<=0,H114>50000),"Outlier","Normal") -> Normal | J114: 1 | K114: =IF(J114>10,"Outlier","Normal") -> Normal | L114: 2699 | M114: =H114*J114*(1-(P114/100)) -> 2294.15 | N114: =IF(ABS(L114-M114)<1,"Match","Mismatch") -> Mismatch | O114: 42309 | P114: 15 | Q114: =IF(OR(P114<0,C114>100),"Invalid","valid") -> Invalid | R114: UPI | S114: Instagram Shop | T114: Noida | U114: Uttar Pradesh | V114: Delhi | W114: 45637 | X114: =IF(AND(B114<>"",W114<>""),IF(B114<D114,"Invalid","Valid"),"Not applicable") -> Invalid | Y114: Delivered | Z114: =IF(AND(Y114="Cancelled",W114<>""),"Invalid","Valid") -> Valid | AA114: Yes | AB114: Quality Defect | AC114: =IF(AA114="Yes", IF(OR(AB114="", AB114="Not Applicable"), "Missing Reason", "Valid"), "Not Applicable") -> Valid | AD114: 45666 | AE114: =IF(AND(W114<>"",AD114<>""),IF(W114<AD114,"Invalid","Valid"),"Not Applicable") -> Invalid | AF114: Processed
A115: UT-100216 | B115: 45623 | C115: CUST_10215 | D115: New | E115: TOPGLTL | F115: Tops | G115: Glitter Tank | H115: 1599 | I115: =IF(OR(H115<=0,H115>50000),"Outlier","Normal") -> Normal | J115: 1 | K115: =IF(J115>10,"Outlier","Normal") -> Normal | L115: 1599 | M115: =H115*J115*(1-(P115/100)) -> 1599 | N115: =IF(ABS(L115-M115)<1,"Match","Mismatch") -> Match | O115: No code | P115: 0 | Q115: =IF(OR(P115<0,C115>100),"Invalid","valid") -> Invalid | R115: UPI | S115: Instagram Shop | T115: Surat | U115: Gujarat | V115: Mumbai | W115: 45639 | X115: =IF(AND(B115<>"",W115<>""),IF(B115<D115,"Invalid","Valid"),"Not applicable") -> Invalid | Y115: Delivered | Z115: =IF(AND(Y115="Cancelled",W115<>""),"Invalid","Valid") -> Valid | AA115: Yes | AB115: Wrong Item | AC115: =IF(AA115="Yes", IF(OR(AB115="", AB115="Not Applicable"), "Missing Reason", "Valid"), "Not Applicable") -> Valid | AD115: 45667 | AE115: =IF(AND(W115<>"",AD115<>""),IF(W115<AD115,"Invalid","Valid"),"Not Applicable") -> Invalid | AF115: Processed
A116: UT-100209 | B116: 45621 | C116: CUST_10208 | D116: New | E116: OUTNYEM | F116: Outerwear | G116: NYE Jacket | H116: 5799 | I116: =IF(OR(H116<=0,H116>50000),"Outlier","Normal") -> Normal | J116: 1 | K116: =IF(J116>10,"Outlier","Normal") -> Normal | L116: 5799 | M116: =H116*J116*(1-(P116/100)) -> 4929.15 | N116: =IF(ABS(L116-M116)<1,"Match","Mismatch") -> Mismatch | O116: 42309 | P116: 15 | Q116: =IF(OR(P116<0,C116>100),"Invalid","valid") -> Invalid | R116: COD | S116: Mobile App | T116: Bangalore | U116: Karnataka | V116: Bangalore | W116: 45638 | X116: =IF(AND(B116<>"",W116<>""),IF(B116<D116,"Invalid","Valid"),"Not applicable") -> Invalid | Y116: Delivered | Z116: =IF(AND(Y116="Cancelled",W116<>""),"Invalid","Valid") -> Valid | AA116: Yes | AB116: Size Issue | AC116: =IF(AA116="Yes", IF(OR(AB116="", AB116="Not Applicable"), "Missing Reason", "Valid"), "Not Applicable") -> Valid | AD116: 45667 | AE116: =IF(AND(W116<>"",AD116<>""),IF(W116<AD116,"Invalid","Valid"),"Not Applicable") -> Invalid | AF116: Processed
A117: UT-100243 | B117: 45631 | C117: CUST_10242 | D117: Returning | E117: OUTFURL | F117: Outerwear | G117: Faux Fur Coat | H117: 8999 | I117: =IF(OR(H117<=0,H117>50000),"Outlier","Normal") -> Normal | J117: 1 | K117: =IF(J117>10,"Outlier","Normal") -> Normal | L117: 8999 | M117: =H117*J117*(1-(P117/100)) -> 7199.2 | N117: =IF(ABS(L117-M117)<1,"Match","Mismatch") -> Mismatch | O117: 44166 | P117: 20 | Q117: =IF(OR(P117<0,C117>100),"Invalid","valid") -> Invalid | R117: Wallet | S117: Instagram Shop | T117: Delhi | U117: Delhi | V117: Delhi | W117: 45643 | X117: =IF(AND(B117<>"",W117<>""),IF(B117<D117,"Invalid","Valid"),"Not applicable") -> Invalid | Y117: Delivered | Z117: =IF(AND(Y117="Cancelled",W117<>""),"Invalid","Valid") -> Valid | AA117: Yes | AB117: Size Issue | AC117: =IF(AA117="Yes", IF(OR(AB117="", AB117="Not Applicable"), "Missing Reason", "Valid"), "Not Applicable") -> Valid | AD117: 45667 | AE117: =IF(AND(W117<>"",AD117<>""),IF(W117<AD117,"Invalid","Valid"),"Not Applicable") -> Invalid | AF117: Pending
A118: UT-100218 | B118: 45624 | C118: CUST_10217 | D118: Returning | E118: BOTMTLM | F118: Bottoms | G118: Metallic Pants | H118: 2399 | I118: =IF(OR(H118<=0,H118>50000),"Outlier","Normal") -> Normal | J118: 1 | K118: =IF(J118>10,"Outlier","Normal") -> Normal | L118: 2399 | M118: =H118*J118*(1-(P118/100)) -> 2399 | N118: =IF(ABS(L118-M118)<1,"Match","Mismatch") -> Match | O118: No code | P118: 0 | Q118: =IF(OR(P118<0,C118>100),"Invalid","valid") -> Invalid | R118: Debit Card | S118: Mobile App | T118: Bhopal | U118: Madhya Pradesh | V118: Mumbai | W118: 45639 | X118: =IF(AND(B118<>"",W118<>""),IF(B118<D118,"Invalid","Valid"),"Not applicable") -> Invalid | Y118: Delivered | Z118: =IF(AND(Y118="Cancelled",W118<>""),"Invalid","Valid") -> Valid | AA118: Yes | AB118: Changed Mind | AC118: =IF(AA118="Yes", IF(OR(AB118="", AB118="Not Applicable"), "Missing Reason", "Valid"), "Not Applicable") -> Valid | AD118: 45668 | AE118: =IF(AND(W118<>"",AD118<>""),IF(W118<AD118,"Invalid","Valid"),"Not Applicable") -> Invalid | AF118: Processed
A119: UT-100214 | B119: 45623 | C119: CUST_10213 | D119: New | E119: OUTPRTM | F119: Outerwear | G119: Party Jacket | H119: 4999 | I119: =IF(OR(H119<=0,H119>50000),"Outlier","Normal") -> Normal | J119: 1 | K119: =IF(J119>10,"Outlier","Normal") -> Normal | L119: 4999 | M119: =H119*J119*(1-(P119/100)) -> 4999 | N119: =IF(ABS(L119-M119)<1,"Match","Mismatch") -> Match | O119: No code | P119: 0 | Q119: =IF(OR(P119<0,C119>100),"Invalid","valid") -> Invalid | R119: Credit Card | S119: Website | T119: Gurgaon | U119: Haryana | V119: Delhi | W119: 45640 | X119: =IF(AND(B119<>"",W119<>""),IF(B119<D119,"Invalid","Valid"),"Not applicable") -> Invalid | Y119: Delivered | Z119: =IF(AND(Y119="Cancelled",W119<>""),"Invalid","Valid") -> Valid | AA119: Yes | AB119: Size Issue | AC119: =IF(AA119="Yes", IF(OR(AB119="", AB119="Not Applicable"), "Missing Reason", "Valid"), "Not Applicable") -> Valid | AD119: 45669 | AE119: =IF(AND(W119<>"",AD119<>""),IF(W119<AD119,"Invalid","Valid"),"Not Applicable") -> Invalid | AF119: Processed
A120: UT-100246 | B120: 45632 | C120: CUST_10245 | D120: New | E120: DRSGLTM | F120: Dresses | G120: Glitter Dress | H120: 3799 | I120: =IF(OR(H120<=0,H120>50000),"Outlier","Normal") -> Normal | J120: 1 | K120: =IF(J120>10,"Outlier","Normal") -> Normal | L120: 3799 | M120: =H120*J120*(1-(P120/100)) -> 3039.2 | N120: =IF(ABS(L120-M120)<1,"Match","Mismatch") -> Mismatch | O120: 44166 | P120: 20 | Q120: =IF(OR(P120<0,C120>100),"Invalid","valid") -> Invalid | R120: COD | S120: Instagram Shop | T120: Pune | U120: Maharashtra | V120: Mumbai | W120: 45644 | X120: =IF(AND(B120<>"",W120<>""),IF(B120<D120,"Invalid","Valid"),"Not applicable") -> Invalid | Y120: Delivered | Z120: =IF(AND(Y120="Cancelled",W120<>""),"Invalid","Valid") -> Valid | AA120: Yes | AB120: Quality Defect | AC120: =IF(AA120="Yes", IF(OR(AB120="", AB120="Not Applicable"), "Missing Reason", "Valid"), "Not Applicable") -> Valid | AD120: 45669 | AE120: =IF(AND(W120<>"",AD120<>""),IF(W120<AD120,"Invalid","Valid"),"Not Applicable") -> Invalid | AF120: Processed
A121: UT-100248 | B121: 45632 | C121: CUST_10247 | D121: Returning | E121: OUTCPEM | F121: Outerwear | G121: Velvet Cape | H121: 4599 | I121: =IF(OR(H121<=0,H121>50000),"Outlier","Normal") -> Normal | J121: 1 | K121: =IF(J121>10,"Outlier","Normal") -> Normal | L121: 4599 | M121: =H121*J121*(1-(P121/100)) -> 3679.2 | N121: =IF(ABS(L121-M121)<1,"Match","Mismatch") -> Mismatch | O121: 44166 | P121: 20 | Q121: =IF(OR(P121<0,C121>100),"Invalid","valid") -> Invalid | R121: UPI | S121: Mobile App | T121: Jaipur | U121: Rajasthan | V121: Delhi | W121: 45645 | X121: =IF(AND(B121<>"",W121<>""),IF(B121<D121,"Invalid","Valid"),"Not applicable") -> Invalid | Y121: Delivered | Z121: =IF(AND(Y121="Cancelled",W121<>""),"Invalid","Valid") -> Valid | AA121: Yes | AB121: Size Issue | AC121: =IF(AA121="Yes", IF(OR(AB121="", AB121="Not Applicable"), "Missing Reason", "Valid"), "Not Applicable") -> Valid | AD121: 45671 | AE121: =IF(AND(W121<>"",AD121<>""),IF(W121<AD121,"Invalid","Valid"),"Not Applicable") -> Invalid | AF121: Processed
A122: UT-100219 | B122: 45624 | C122: CUST_10218 | D122: New | E122: OUTFRML | F122: Outerwear | G122: Formal Coat | H122: 6499 | I122: =IF(OR(H122<=0,H122>50000),"Outlier","Normal") -> Normal | J122: 1 | K122: =IF(J122>10,"Outlier","Normal") -> Normal | L122: 6499 | M122: =H122*J122*(1-(P122/100)) -> 6499 | N122: =IF(ABS(L122-M122)<1,"Match","Mismatch") -> Match | O122: No code | P122: 0 | Q122: =IF(OR(P122<0,C122>100),"Invalid","valid") -> Invalid | R122: Credit Card | S122: Instagram Shop | T122: Nagpur | U122: Maharashtra | V122: Mumbai | W122: 45642 | X122: =IF(AND(B122<>"",W122<>""),IF(B122<D122,"Invalid","Valid"),"Not applicable") -> Invalid | Y122: Delivered | Z122: =IF(AND(Y122="Cancelled",W122<>""),"Invalid","Valid") -> Valid | AA122: Yes | AB122: Size Issue | AC122: =IF(AA122="Yes", IF(OR(AB122="", AB122="Not Applicable"), "Missing Reason", "Valid"), "Not Applicable") -> Valid | AD122: 45671 | AE122: =IF(AND(W122<>"",AD122<>""),IF(W122<AD122,"Invalid","Valid"),"Not Applicable") -> Invalid | AF122: Processed
A123: UT-100225 | B123: 45626 | C123: CUST_10224 | D123: New | E123: ACCGEMOS | F123: Accessories | G123: Gemstone Ring | H123: 1099 | I123: =IF(OR(H123<=0,H123>50000),"Outlier","Normal") -> Normal | J123: 1 | K123: =IF(J123>10,"Outlier","Normal") -> Normal | L123: 1099 | M123: =H123*J123*(1-(P123/100)) -> 1099 | N123: =IF(ABS(L123-M123)<1,"Match","Mismatch") -> Match | O123: No code | P123: 0 | Q123: =IF(OR(P123<0,C123>100),"Invalid","valid") -> Invalid | R123: UPI | S123: Instagram Shop | T123: Vadodara | U123: Gujarat | V123: Mumbai | W123: 45642 | X123: =IF(AND(B123<>"",W123<>""),IF(B123<D123,"Invalid","Valid"),"Not applicable") -> Invalid | Y123: Delivered | Z123: =IF(AND(Y123="Cancelled",W123<>""),"Invalid","Valid") -> Valid | AA123: Yes | AB123: Size Issue | AC123: =IF(AA123="Yes", IF(OR(AB123="", AB123="Not Applicable"), "Missing Reason", "Valid"), "Not Applicable") -> Valid | AD123: 45671 | AE123: =IF(AND(W123<>"",AD123<>""),IF(W123<AD123,"Invalid","Valid"),"Not Applicable") -> Invalid | AF123: Processed
A124: UT-100222 | B124: 45625 | C124: CUST_10221 | D124: New | E124: DRSNYEL | F124: Dresses | G124: New Year Gown | H124: 5499 | I124: =IF(OR(H124<=0,H124>50000),"Outlier","Normal") -> Normal | J124: 1 | K124: =IF(J124>10,"Outlier","Normal") -> Normal | L124: 5499 | M124: =H124*J124*(1-(P124/100)) -> 4674.15 | N124: =IF(ABS(L124-M124)<1,"Match","Mismatch") -> Mismatch | O124: 42309 | P124: 15 | Q124: =IF(OR(P124<0,C124>100),"Invalid","valid") -> Invalid | R124: Credit Card | S124: Instagram Shop | T124: Vizag | U124: Andhra Pradesh | V124: Bangalore | W124: 45643 | X124: =IF(AND(B124<>"",W124<>""),IF(B124<D124,"Invalid","Valid"),"Not applicable") -> Invalid | Y124: Delivered | Z124: =IF(AND(Y124="Cancelled",W124<>""),"Invalid","Valid") -> Valid | AA124: Yes | AB124: Quality Defect | AC124: =IF(AA124="Yes", IF(OR(AB124="", AB124="Not Applicable"), "Missing Reason", "Valid"), "Not Applicable") -> Valid | AD124: 45672 | AE124: =IF(AND(W124<>"",AD124<>""),IF(W124<AD124,"Invalid","Valid"),"Not Applicable") -> Invalid | AF124: Processed
A125: UT-100252 | B125: 45633 | C125: CUST_10251 | D125: New | E125: BOTSQNM | F125: Bottoms | G125: Sequin Skirt | H125: 2199 | I125: =IF(OR(H125<=0,H125>50000),"Outlier","Normal") -> Normal | J125: 1 | K125: =IF(J125>10,"Outlier","Normal") -> Normal | L125: 2199 | M125: =H125*J125*(1-(P125/100)) -> 2199 | N125: =IF(ABS(L125-M125)<1,"Match","Mismatch") -> Match | O125: No code | P125: 0 | Q125: =IF(OR(P125<0,C125>100),"Invalid","valid") -> Invalid | R125: COD | S125: Instagram Shop | T125: Delhi | U125: Delhi | V125: Delhi | W125: 45647 | X125: =IF(AND(B125<>"",W125<>""),IF(B125<D125,"Invalid","Valid"),"Not applicable") -> Invalid | Y125: Delivered | Z125: =IF(AND(Y125="Cancelled",W125<>""),"Invalid","Valid") -> Valid | AA125: Yes | AB125: Damaged in Transit | AC125: =IF(AA125="Yes", IF(OR(AB125="", AB125="Not Applicable"), "Missing Reason", "Valid"), "Not Applicable") -> Valid | AD125: 45672 | AE125: =IF(AND(W125<>"",AD125<>""),IF(W125<AD125,"Invalid","Valid"),"Not Applicable") -> Invalid | AF125: Pending
A126: UT-100255 | B126: 45634 | C126: CUST_10254 | D126: New | E126: TOPOFFM | F126: Tops | G126: Off-Shoulder Top | H126: 1699 | I126: =IF(OR(H126<=0,H126>50000),"Outlier","Normal") -> Normal | J126: 2 | K126: =IF(J126>10,"Outlier","Normal") -> Normal | L126: 3398 | M126: =H126*J126*(1-(P126/100)) -> 3398 | N126: =IF(ABS(L126-M126)<1,"Match","Mismatch") -> Match | O126: No code | P126: 0 | Q126: =IF(OR(P126<0,C126>100),"Invalid","valid") -> Invalid | R126: Debit Card | S126: Instagram Shop | T126: Surat | U126: Gujarat | V126: Mumbai | W126: 45648 | X126: =IF(AND(B126<>"",W126<>""),IF(B126<D126,"Invalid","Valid"),"Not applicable") -> Invalid | Y126: Delivered | Z126: =IF(AND(Y126="Cancelled",W126<>""),"Invalid","Valid") -> Valid | AA126: Yes | AB126: Size Issue | AC126: =IF(AA126="Yes", IF(OR(AB126="", AB126="Not Applicable"), "Missing Reason", "Valid"), "Not Applicable") -> Valid | AD126: 45673 | AE126: =IF(AND(W126<>"",AD126<>""),IF(W126<AD126,"Invalid","Valid"),"Not Applicable") -> Invalid | AF126: Processed
A127: UT-100224 | B127: 45626 | C127: CUST_10223 | D127: New | E127: OUTGLMM | F127: Outerwear | G127: Glam Jacket | H127: 5299 | I127: =IF(OR(H127<=0,H127>50000),"Outlier","Normal") -> Normal | J127: 1 | K127: =IF(J127>10,"Outlier","Normal") -> Normal | L127: 5299 | M127: =H127*J127*(1-(P127/100)) -> 5299 | N127: =IF(ABS(L127-M127)<1,"Match","Mismatch") -> Match | O127: No code | P127: 0 | Q127: =IF(OR(P127<0,C127>100),"Invalid","valid") -> Invalid | R127: Debit Card | S127: Mobile App | T127: Mysore | U127: Karnataka | V127: Bangalore | W127: 45644 | X127: =IF(AND(B127<>"",W127<>""),IF(B127<D127,"Invalid","Valid"),"Not applicable") -> Invalid | Y127: Delivered | Z127: =IF(AND(Y127="Cancelled",W127<>""),"Invalid","Valid") -> Valid | AA127: Yes | AB127: Damaged in Transit | AC127: =IF(AA127="Yes", IF(OR(AB127="", AB127="Not Applicable"), "Missing Reason", "Valid"), "Not Applicable") -> Valid | AD127: 45673 | AE127: =IF(AND(W127<>"",AD127<>""),IF(W127<AD127,"Invalid","Valid"),"Not Applicable") -> Invalid | AF127: Processed
A128: UT-100256 | B128: 45634 | C128: CUST_10255 | D128: New | E128: DRSBLBS | F128: Dresses | G128: Balloon Sleeve Dress | H128: 2799 | I128: =IF(OR(H128<=0,H128>50000),"Outlier","Normal") -> Normal | J128: 1 | K128: =IF(J128>10,"Outlier","Normal") -> Normal | L128: 2799 | M128: =H128*J128*(1-(P128/100)) -> 2239.2 | N128: =IF(ABS(L128-M128)<1,"Match","Mismatch") -> Mismatch | O128: 44166 | P128: 20 | Q128: =IF(OR(P128<0,C128>100),"Invalid","valid") -> Invalid | R128: Credit Card | S128: Website | T128: Vadodara | U128: Gujarat | V128: Mumbai | W128: 45649 | X128: =IF(AND(B128<>"",W128<>""),IF(B128<D128,"Invalid","Valid"),"Not applicable") -> Invalid | Y128: Delivered | Z128: =IF(AND(Y128="Cancelled",W128<>""),"Invalid","Valid") -> Valid | AA128: Yes | AB128: Wrong Item | AC128: =IF(AA128="Yes", IF(OR(AB128="", AB128="Not Applicable"), "Missing Reason", "Valid"), "Not Applicable") -> Valid | AD128: 45675 | AE128: =IF(AND(W128<>"",AD128<>""),IF(W128<AD128,"Invalid","Valid"),"Not Applicable") -> Invalid | AF128: Processed
A129: UT-100260 | B129: 45635 | C129: CUST_10259 | D129: New | E129: TOPFTHS | F129: Tops | G129: Feather Trim Top | H129: 2099 | I129: =IF(OR(H129<=0,H129>50000),"Outlier","Normal") -> Normal | J129: 1 | K129: =IF(J129>10,"Outlier","Normal") -> Normal | L129: 2099 | M129: =H129*J129*(1-(P129/100)) -> 2099 | N129: =IF(ABS(L129-M129)<1,"Match","Mismatch") -> Match | O129: No code | P129: 0 | Q129: =IF(OR(P129<0,C129>100),"Invalid","valid") -> Invalid | R129: Debit Card | S129: Mobile App | T129: Delhi | U129: Delhi | V129: Delhi | W129: 45650 | X129: =IF(AND(B129<>"",W129<>""),IF(B129<D129,"Invalid","Valid"),"Not applicable") -> Invalid | Y129: Delivered | Z129: =IF(AND(Y129="Cancelled",W129<>""),"Invalid","Valid") -> Valid | AA129: Yes | AB129: Quality Defect | AC129: =IF(AA129="Yes", IF(OR(AB129="", AB129="Not Applicable"), "Missing Reason", "Valid"), "Not Applicable") -> Valid | AD129: 45676 | AE129: =IF(AND(W129<>"",AD129<>""),IF(W129<AD129,"Invalid","Valid"),"Not Applicable") -> Invalid | AF129: Processed
A130: UT-100258 | B130: 45635 | C130: CUST_10257 | D130: Returning | E130: OUTSQNM | F130: Outerwear | G130: Sequin Jacket | H130: 5999 | I130: =IF(OR(H130<=0,H130>50000),"Outlier","Normal") -> Normal | J130: 1 | K130: =IF(J130>10,"Outlier","Normal") -> Normal | L130: 5999 | M130: =H130*J130*(1-(P130/100)) -> 5999 | N130: =IF(ABS(L130-M130)<1,"Match","Mismatch") -> Match | O130: No code | P130: 0 | Q130: =IF(OR(P130<0,C130>100),"Invalid","valid") -> Invalid | R130: COD | S130: Instagram Shop | T130: Kanpur | U130: Uttar Pradesh | V130: Delhi | W130: 45650 | X130: =IF(AND(B130<>"",W130<>""),IF(B130<D130,"Invalid","Valid"),"Not applicable") -> Invalid | Y130: Delivered | Z130: =IF(AND(Y130="Cancelled",W130<>""),"Invalid","Valid") -> Valid | AA130: Yes | AB130: Changed Mind | AC130: =IF(AA130="Yes", IF(OR(AB130="", AB130="Not Applicable"), "Missing Reason", "Valid"), "Not Applicable") -> Valid | AD130: 45677 | AE130: =IF(AND(W130<>"",AD130<>""),IF(W130<AD130,"Invalid","Valid"),"Not Applicable") -> Invalid | AF130: Processed
A131: UT-100265 | B131: 45636 | C131: CUST_10264 | D131: New | E131: TOPSHMM | F131: Tops | G131: Shimmer Top | H131: 1899 | I131: =IF(OR(H131<=0,H131>50000),"Outlier","Normal") -> Normal | J131: 1 | K131: =IF(J131>10,"Outlier","Normal") -> Normal | L131: 1899 | M131: =H131*J131*(1-(P131/100)) -> 1519.2 | N131: =IF(ABS(L131-M131)<1,"Match","Mismatch") -> Mismatch | O131: 44166 | P131: 20 | Q131: =IF(OR(P131<0,C131>100),"Invalid","valid") -> Invalid | R131: Debit Card | S131: Website | T131: Surat | U131: Gujarat | V131: Mumbai | W131: 45652 | X131: =IF(AND(B131<>"",W131<>""),IF(B131<D131,"Invalid","Valid"),"Not applicable") -> Invalid | Y131: Delivered | Z131: =IF(AND(Y131="Cancelled",W131<>""),"Invalid","Valid") -> Valid | AA131: Yes | AB131: Damaged in Transit | AC131: =IF(AA131="Yes", IF(OR(AB131="", AB131="Not Applicable"), "Missing Reason", "Valid"), "Not Applicable") -> Valid | AD131: 45678 | AE131: =IF(AND(W131<>"",AD131<>""),IF(W131<AD131,"Invalid","Valid"),"Not Applicable") -> Invalid | AF131: Processed
A132: UT-100261 | B132: 45636 | C132: CUST_10260 | D132: New | E132: DRSPRYM | F132: Dresses | G132: Party Maxi | H132: 3999 | I132: =IF(OR(H132<=0,H132>50000),"Outlier","Normal") -> Normal | J132: 1 | K132: =IF(J132>10,"Outlier","Normal") -> Normal | L132: 3999 | M132: =H132*J132*(1-(P132/100)) -> 3999 | N132: =IF(ABS(L132-M132)<1,"Match","Mismatch") -> Match | O132: No code | P132: 0 | Q132: =IF(OR(P132<0,C132>100),"Invalid","valid") -> Invalid | R132: Credit Card | S132: Instagram Shop | T132: Chandigarh | U132: Punjab | V132: Delhi | W132: 45651 | X132: =IF(AND(B132<>"",W132<>""),IF(B132<D132,"Invalid","Valid"),"Not applicable") -> Invalid | Y132: Delivered | Z132: =IF(AND(Y132="Cancelled",W132<>""),"Invalid","Valid") -> Valid | AA132: Yes | AB132: Size Issue | AC132: =IF(AA132="Yes", IF(OR(AB132="", AB132="Not Applicable"), "Missing Reason", "Valid"), "Not Applicable") -> Valid | AD132: 45679 | AE132: =IF(AND(W132<>"",AD132<>""),IF(W132<AD132,"Invalid","Valid"),"Not Applicable") -> Invalid | AF132: Processed
A133: UT-100263 | B133: 45636 | C133: CUST_10262 | D133: Returning | E133: OUTLMEL | F133: Outerwear | G133: Lame Blazer | H133: 4899 | I133: =IF(OR(H133<=0,H133>50000),"Outlier","Normal") -> Normal | J133: 1 | K133: =IF(J133>10,"Outlier","Normal") -> Normal | L133: 4899 | M133: =H133*J133*(1-(P133/100)) -> 4899 | N133: =IF(ABS(L133-M133)<1,"Match","Mismatch") -> Match | O133: No code | P133: 0 | Q133: =IF(OR(P133<0,C133>100),"Invalid","valid") -> Invalid | R133: COD | S133: Mobile App | T133: Gurgaon | U133: Haryana | V133: Delhi | W133: 45652 | X133: =IF(AND(B133<>"",W133<>""),IF(B133<D133,"Invalid","Valid"),"Not applicable") -> Invalid | Y133: Delivered | Z133: =IF(AND(Y133="Cancelled",W133<>""),"Invalid","Valid") -> Valid | AA133: Yes | AB133: Wrong Item | AC133: =IF(AA133="Yes", IF(OR(AB133="", AB133="Not Applicable"), "Missing Reason", "Valid"), "Not Applicable") -> Valid | AD133: 45680 | AE133: =IF(AND(W133<>"",AD133<>""),IF(W133<AD133,"Invalid","Valid"),"Not Applicable") -> Invalid | AF133: Processed
A134: UT-100270 | B134: 45638 | C134: CUST_10269 | D134: New | E134: TOPCELL | F134: Tops | G134: Celebration Top | H134: 2199 | I134: =IF(OR(H134<=0,H134>50000),"Outlier","Normal") -> Normal | J134: 1 | K134: =IF(J134>10,"Outlier","Normal") -> Normal | L134: 2199 | M134: =H134*J134*(1-(P134/100)) -> 2199 | N134: =IF(ABS(L134-M134)<1,"Match","Mismatch") -> Match | O134: No code | P134: 0 | Q134: =IF(OR(P134<0,C134>100),"Invalid","valid") -> Invalid | R134: Debit Card | S134: Instagram Shop | T134: Kochi | U134: Kerala | V134: Bangalore | W134: 45654 | X134: =IF(AND(B134<>"",W134<>""),IF(B134<D134,"Invalid","Valid"),"Not applicable") -> Invalid | Y134: Delivered | Z134: =IF(AND(Y134="Cancelled",W134<>""),"Invalid","Valid") -> Valid | AA134: Yes | AB134: Quality Defect | AC134: =IF(AA134="Yes", IF(OR(AB134="", AB134="Not Applicable"), "Missing Reason", "Valid"), "Not Applicable") -> Valid | AD134: 45680 | AE134: =IF(AND(W134<>"",AD134<>""),IF(W134<AD134,"Invalid","Valid"),"Not Applicable") -> Invalid | AF134: Processed
A135: UT-100267 | B135: 45637 | C135: CUST_10266 | D135: New | E135: BOTCHMS | F135: Bottoms | G135: Champagne Pants | H135: 2699 | I135: =IF(OR(H135<=0,H135>50000),"Outlier","Normal") -> Normal | J135: 1 | K135: =IF(J135>10,"Outlier","Normal") -> Normal | L135: 2699 | M135: =H135*J135*(1-(P135/100)) -> 2699 | N135: =IF(ABS(L135-M135)<1,"Match","Mismatch") -> Match | O135: No code | P135: 0 | Q135: =IF(OR(P135<0,C135>100),"Invalid","valid") -> Invalid | R135: UPI | S135: Instagram Shop | T135: Bhopal | U135: Madhya Pradesh | V135: Mumbai | W135: 45653 | X135: =IF(AND(B135<>"",W135<>""),IF(B135<D135,"Invalid","Valid"),"Not applicable") -> Invalid | Y135: Delivered | Z135: =IF(AND(Y135="Cancelled",W135<>""),"Invalid","Valid") -> Valid | AA135: Yes | AB135: Size Issue | AC135: =IF(AA135="Yes", IF(OR(AB135="", AB135="Not Applicable"), "Missing Reason", "Valid"), "Not Applicable") -> Valid | AD135: 45681 | AE135: =IF(AND(W135<>"",AD135<>""),IF(W135<AD135,"Invalid","Valid"),"Not Applicable") -> Invalid | AF135: Processed
A136: UT-100268 | B136: 45637 | C136: CUST_10267 | D136: Returning | E136: OUTRSEM | F136: Outerwear | G136: Rose Gold Jacket | H136: 5599 | I136: =IF(OR(H136<=0,H136>50000),"Outlier","Normal") -> Normal | J136: 1 | K136: =IF(J136>10,"Outlier","Normal") -> Normal | L136: 5599 | M136: =H136*J136*(1-(P136/100)) -> 4479.2 | N136: =IF(ABS(L136-M136)<1,"Match","Mismatch") -> Mismatch | O136: 44166 | P136: 20 | Q136: =IF(OR(P136<0,C136>100),"Invalid","valid") -> Invalid | R136: COD | S136: Website | T136: Nagpur | U136: Maharashtra | V136: Mumbai | W136: 45654 | X136: =IF(AND(B136<>"",W136<>""),IF(B136<D136,"Invalid","Valid"),"Not applicable") -> Invalid | Y136: Delivered | Z136: =IF(AND(Y136="Cancelled",W136<>""),"Invalid","Valid") -> Valid | AA136: Yes | AB136: Changed Mind | AC136: =IF(AA136="Yes", IF(OR(AB136="", AB136="Not Applicable"), "Missing Reason", "Valid"), "Not Applicable") -> Valid | AD136: 45682 | AE136: =IF(AND(W136<>"",AD136<>""),IF(W136<AD136,"Invalid","Valid"),"Not Applicable") -> Invalid | AF136: Processed
A137: UT-100272 | B137: 45638 | C137: CUST_10271 | D137: New | E137: BOTNYSM | F137: Bottoms | G137: NYE Skirt | H137: 2399 | I137: =IF(OR(H137<=0,H137>50000),"Outlier","Normal") -> Normal | J137: 1 | K137: =IF(J137>10,"Outlier","Normal") -> Normal | L137: 2399 | M137: =H137*J137*(1-(P137/100)) -> 2399 | N137: =IF(ABS(L137-M137)<1,"Match","Mismatch") -> Match | O137: No code | P137: 0 | Q137: =IF(OR(P137<0,C137>100),"Invalid","valid") -> Invalid | R137: UPI | S137: Mobile App | T137: Thiruvananthapuram | U137: Kerala | V137: Bangalore | W137: 45655 | X137: =IF(AND(B137<>"",W137<>""),IF(B137<D137,"Invalid","Valid"),"Not applicable") -> Invalid | Y137: Delivered | Z137: =IF(AND(Y137="Cancelled",W137<>""),"Invalid","Valid") -> Valid | AA137: Yes | AB137: Wrong Item | AC137: =IF(AA137="Yes", IF(OR(AB137="", AB137="Not Applicable"), "Missing Reason", "Valid"), "Not Applicable") -> Valid | AD137: 45683 | AE137: =IF(AND(W137<>"",AD137<>""),IF(W137<AD137,"Invalid","Valid"),"Not Applicable") -> Invalid | AF137: Processed
A138: UT-100279 | B138: 45640 | C138: CUST_10278 | D138: New | E138: ACCBLSOS | F138: Accessories | G138: Blush Bag | H138: 1699 | I138: =IF(OR(H138<=0,H138>50000),"Outlier","Normal") -> Normal | J138: 1 | K138: =IF(J138>10,"Outlier","Normal") -> Normal | L138: 1699 | M138: =H138*J138*(1-(P138/100)) -> 1699 | N138: =IF(ABS(L138-M138)<1,"Match","Mismatch") -> Match | O138: No code | P138: 0 | Q138: =IF(OR(P138<0,C138>100),"Invalid","valid") -> Invalid | R138: Wallet | S138: Instagram Shop | T138: Kolkata | U138: West Bengal | V138: Delhi | W138: 45656 | X138: =IF(AND(B138<>"",W138<>""),IF(B138<D138,"Invalid","Valid"),"Not applicable") -> Invalid | Y138: Delivered | Z138: =IF(AND(Y138="Cancelled",W138<>""),"Invalid","Valid") -> Valid | AA138: Yes | AB138: Quality Defect | AC138: =IF(AA138="Yes", IF(OR(AB138="", AB138="Not Applicable"), "Missing Reason", "Valid"), "Not Applicable") -> Valid | AD138: 45683 | AE138: =IF(AND(W138<>"",AD138<>""),IF(W138<AD138,"Invalid","Valid"),"Not Applicable") -> Invalid | AF138: Processed
A139: UT-100275 | B139: 45639 | C139: CUST_10274 | D139: New | E139: TOPGLSM | F139: Tops | G139: Glass Bead Top | H139: 2399 | I139: =IF(OR(H139<=0,H139>50000),"Outlier","Normal") -> Normal | J139: 1 | K139: =IF(J139>10,"Outlier","Normal") -> Normal | L139: 2399 | M139: =H139*J139*(1-(P139/100)) -> 2399 | N139: =IF(ABS(L139-M139)<1,"Match","Mismatch") -> Match | O139: No code | P139: 0 | Q139: =IF(OR(P139<0,C139>100),"Invalid","valid") -> Invalid | R139: Debit Card | S139: Mobile App | T139: Rajkot | U139: Gujarat | V139: Mumbai | W139: 45656 | X139: =IF(AND(B139<>"",W139<>""),IF(B139<D139,"Invalid","Valid"),"Not applicable") -> Invalid | Y139: Delivered | Z139: =IF(AND(Y139="Cancelled",W139<>""),"Invalid","Valid") -> Valid | AA139: Yes | AB139: Size Issue | AC139: =IF(AA139="Yes", IF(OR(AB139="", AB139="Not Applicable"), "Missing Reason", "Valid"), "Not Applicable") -> Valid | AD139: 45684 | AE139: =IF(AND(W139<>"",AD139<>""),IF(W139<AD139,"Invalid","Valid"),"Not Applicable") -> Invalid | AF139: Processed
A140: UT-100276 | B140: 45639 | C140: CUST_10275 | D140: New | E140: DRSFNLL | F140: Dresses | G140: Finale Gown | H140: 5999 | I140: =IF(OR(H140<=0,H140>50000),"Outlier","Normal") -> Normal | J140: 1 | K140: =IF(J140>10,"Outlier","Normal") -> Normal | L140: 5999 | M140: =H140*J140*(1-(P140/100)) -> 5999 | N140: =IF(ABS(L140-M140)<1,"Match","Mismatch") -> Match | O140: No code | P140: 0 | Q140: =IF(OR(P140<0,C140>100),"Invalid","valid") -> Invalid | R140: Credit Card | S140: Instagram Shop | T140: Kanpur | U140: Uttar Pradesh | V140: Delhi | W140: 45657 | X140: =IF(AND(B140<>"",W140<>""),IF(B140<D140,"Invalid","Valid"),"Not applicable") -> Invalid | Y140: Delivered | Z140: =IF(AND(Y140="Cancelled",W140<>""),"Invalid","Valid") -> Valid | AA140: Yes | AB140: Damaged in Transit | AC140: =IF(AA140="Yes", IF(OR(AB140="", AB140="Not Applicable"), "Missing Reason", "Valid"), "Not Applicable") -> Valid | AD140: 45685 | AE140: =IF(AND(W140<>"",AD140<>""),IF(W140<AD140,"Invalid","Valid"),"Not Applicable") -> Invalid | AF140: Processed
A141: UT-100278 | B141: 45640 | C141: CUST_10277 | D141: Returning | E141: OUTCHRM | F141: Outerwear | G141: Christmas Jacket | H141: 4999 | I141: =IF(OR(H141<=0,H141>50000),"Outlier","Normal") -> Normal | J141: 1 | K141: =IF(J141>10,"Outlier","Normal") -> Normal | L141: 4999 | M141: =H141*J141*(1-(P141/100)) -> 4999 | N141: =IF(ABS(L141-M141)<1,"Match","Mismatch") -> Match | O141: No code | P141: 0 | Q141: =IF(OR(P141<0,C141>100),"Invalid","valid") -> Invalid | R141: COD | S141: Mobile App | T141: Delhi | U141: Delhi | V141: Delhi | W141: 45657 | X141: =IF(AND(B141<>"",W141<>""),IF(B141<D141,"Invalid","Valid"),"Not applicable") -> Invalid | Y141: Delivered | Z141: =IF(AND(Y141="Cancelled",W141<>""),"Invalid","Valid") -> Valid | AA141: Yes | AB141: Changed Mind | AC141: =IF(AA141="Yes", IF(OR(AB141="", AB141="Not Applicable"), "Missing Reason", "Valid"), "Not Applicable") -> Valid | AD141: 45686 | AE141: =IF(AND(W141<>"",AD141<>""),IF(W141<AD141,"Invalid","Valid"),"Not Applicable") -> Invalid | AF141: Processed
A142: UT-100281 | B142: 45640 | C142: CUST_10280 | D142: New | E142: DRSEVES | F142: Dresses | G142: Evening Elegance | H142: 4599 | I142: =IF(OR(H142<=0,H142>50000),"Outlier","Normal") -> Normal | J142: 1 | K142: =IF(J142>10,"Outlier","Normal") -> Normal | L142: 4599 | M142: =H142*J142*(1-(P142/100)) -> 4599 | N142: =IF(ABS(L142-M142)<1,"Match","Mismatch") -> Match | O142: No code | P142: 0 | Q142: =IF(OR(P142<0,C142>100),"Invalid","valid") -> Invalid | R142: Credit Card | S142: Mobile App | T142: Hyderabad | U142: Telangana | V142: Bangalore | W142: 45659 | X142: =IF(AND(B142<>"",W142<>""),IF(B142<D142,"Invalid","Valid"),"Not applicable") -> Invalid | Y142: Delivered | Z142: =IF(AND(Y142="Cancelled",W142<>""),"Invalid","Valid") -> Valid | AA142: Yes | AB142: Size Issue | AC142: =IF(AA142="Yes", IF(OR(AB142="", AB142="Not Applicable"), "Missing Reason", "Valid"), "Not Applicable") -> Valid | AD142: 45687 | AE142: =IF(AND(W142<>"",AD142<>""),IF(W142<AD142,"Invalid","Valid"),"Not Applicable") -> Invalid | AF142: Processed
A143: UT-100285 | B143: 45641 | C143: CUST_10284 | D143: New | E143: TOPLSTS | F143: Tops | G143: Last Dance Top | H143: 1999 | I143: =IF(OR(H143<=0,H143>50000),"Outlier","Normal") -> Normal | J143: 1 | K143: =IF(J143>10,"Outlier","Normal") -> Normal | L143: 1999 | M143: =H143*J143*(1-(P143/100)) -> 1999 | N143: =IF(ABS(L143-M143)<1,"Match","Mismatch") -> Match | O143: No code | P143: 0 | Q143: =IF(OR(P143<0,C143>100),"Invalid","valid") -> Invalid | R143: Debit Card | S143: Instagram Shop | T143: Lucknow | U143: Uttar Pradesh | V143: Delhi | W143: 45660 | X143: =IF(AND(B143<>"",W143<>""),IF(B143<D143,"Invalid","Valid"),"Not applicable") -> Invalid | Y143: Delivered | Z143: =IF(AND(Y143="Cancelled",W143<>""),"Invalid","Valid") -> Valid | AA143: Yes | AB143: Damaged in Transit | AC143: =IF(AA143="Yes", IF(OR(AB143="", AB143="Not Applicable"), "Missing Reason", "Valid"), "Not Applicable") -> Valid | AD143: 45687 | AE143: =IF(AND(W143<>"",AD143<>""),IF(W143<AD143,"Invalid","Valid"),"Not Applicable") -> Invalid | AF143: Processed
A144: UT-100283 | B144: 45641 | C144: CUST_10282 | D144: Returning | E144: OUTNYBL | F144: Outerwear | G144: NYE Blazer | H144: 5799 | I144: =IF(OR(H144<=0,H144>50000),"Outlier","Normal") -> Normal | J144: 1 | K144: =IF(J144>10,"Outlier","Normal") -> Normal | L144: 5799 | M144: =H144*J144*(1-(P144/100)) -> 4639.2 | N144: =IF(ABS(L144-M144)<1,"Match","Mismatch") -> Mismatch | O144: 44166 | P144: 20 | Q144: =IF(OR(P144<0,C144>100),"Invalid","valid") -> Invalid | R144: COD | S144: Website | T144: Ahmedabad | U144: Gujarat | V144: Mumbai | W144: 45660 | X144: =IF(AND(B144<>"",W144<>""),IF(B144<D144,"Invalid","Valid"),"Not applicable") -> Invalid | Y144: Delivered | Z144: =IF(AND(Y144="Cancelled",W144<>""),"Invalid","Valid") -> Valid | AA144: Yes | AB144: Wrong Item | AC144: =IF(AA144="Yes", IF(OR(AB144="", AB144="Not Applicable"), "Missing Reason", "Valid"), "Not Applicable") -> Valid | AD144: 45688 | AE144: =IF(AND(W144<>"",AD144<>""),IF(W144<AD144,"Invalid","Valid"),"Not Applicable") -> Invalid | AF144: Processed
A145: UT-100286 | B145: 45642 | C145: CUST_10285 | D145: New | E145: DRSBLSM | F145: Dresses | G145: Bliss Dress | H145: 3899 | I145: =IF(OR(H145<=0,H145>50000),"Outlier","Normal") -> Normal | J145: 1 | K145: =IF(J145>10,"Outlier","Normal") -> Normal | L145: 3899 | M145: =H145*J145*(1-(P145/100)) -> 3119.2 | N145: =IF(ABS(L145-M145)<1,"Match","Mismatch") -> Mismatch | O145: 44166 | P145: 20 | Q145: =IF(OR(P145<0,C145>100),"Invalid","valid") -> Invalid | R145: Credit Card | S145: Website | T145: Bangalore | U145: Karnataka | V145: Bangalore | W145: 45661 | X145: =IF(AND(B145<>"",W145<>""),IF(B145<D145,"Invalid","Valid"),"Not applicable") -> Invalid | Y145: Delivered | Z145: =IF(AND(Y145="Cancelled",W145<>""),"Invalid","Valid") -> Valid | AA145: Yes | AB145: Size Issue | AC145: =IF(AA145="Yes", IF(OR(AB145="", AB145="Not Applicable"), "Missing Reason", "Valid"), "Not Applicable") -> Valid | AD145: 45689 | AE145: =IF(AND(W145<>"",AD145<>""),IF(W145<AD145,"Invalid","Valid"),"Not Applicable") -> Invalid | AF145: Processed
A146: UT-100290 | B146: 45643 | C146: CUST_10289 | D146: New | E146: TOPPRYM | F146: Tops | G146: Party Essential Top | H146: 1799 | I146: =IF(OR(H146<=0,H146>50000),"Outlier","Normal") -> Normal | J146: 1 | K146: =IF(J146>10,"Outlier","Normal") -> Normal | L146: 1799 | M146: =H146*J146*(1-(P146/100)) -> 1799 | N146: =IF(ABS(L146-M146)<1,"Match","Mismatch") -> Match | O146: No code | P146: 0 | Q146: =IF(OR(P146<0,C146>100),"Invalid","valid") -> Invalid | R146: Debit Card | S146: Mobile App | T146: Noida | U146: Uttar Pradesh | V146: Delhi | W146: 45662 | X146: =IF(AND(B146<>"",W146<>""),IF(B146<D146,"Invalid","Valid"),"Not applicable") -> Invalid | Y146: Delivered | Z146: =IF(AND(Y146="Cancelled",W146<>""),"Invalid","Valid") -> Valid | AA146: Yes | AB146: Quality Defect | AC146: =IF(AA146="Yes", IF(OR(AB146="", AB146="Not Applicable"), "Missing Reason", "Valid"), "Not Applicable") -> Valid | AD146: 45689 | AE146: =IF(AND(W146<>"",AD146<>""),IF(W146<AD146,"Invalid","Valid"),"Not Applicable") -> Invalid | AF146: Processed
A147: UT-100288 | B147: 45642 | C147: CUST_10287 | D147: New | E147: OUTCLBM | F147: Outerwear | G147: Celebration Blazer | H147: 5299 | I147: =IF(OR(H147<=0,H147>50000),"Outlier","Normal") -> Normal | J147: 1 | K147: =IF(J147>10,"Outlier","Normal") -> Normal | L147: 5299 | M147: =H147*J147*(1-(P147/100)) -> 5299 | N147: =IF(ABS(L147-M147)<1,"Match","Mismatch") -> Match | O147: No code | P147: 0 | Q147: =IF(OR(P147<0,C147>100),"Invalid","valid") -> Invalid | R147: COD | S147: Instagram Shop | T147: Delhi | U147: Delhi | V147: Delhi | W147: 45662 | X147: =IF(AND(B147<>"",W147<>""),IF(B147<D147,"Invalid","Valid"),"Not applicable") -> Invalid | Y147: Delivered | Z147: =IF(AND(Y147="Cancelled",W147<>""),"Invalid","Valid") -> Valid | AA147: Yes | AB147: Changed Mind | AC147: =IF(AA147="Yes", IF(OR(AB147="", AB147="Not Applicable"), "Missing Reason", "Valid"), "Not Applicable") -> Valid | AD147: 45690 | AE147: =IF(AND(W147<>"",AD147<>""),IF(W147<AD147,"Invalid","Valid"),"Not Applicable") -> Invalid | AF147: Processed
A148: UT-100291 | B148: 45643 | C148: CUST_10290 | D148: New | E148: DRSSHNL | F148: Dresses | G148: Shine On Dress | H148: 4199 | I148: =IF(OR(H148<=0,H148>50000),"Outlier","Normal") -> Normal | J148: 1 | K148: =IF(J148>10,"Outlier","Normal") -> Normal | L148: 4199 | M148: =H148*J148*(1-(P148/100)) -> 4199 | N148: =IF(ABS(L148-M148)<1,"Match","Mismatch") -> Match | O148: No code | P148: 0 | Q148: =IF(OR(P148<0,C148>100),"Invalid","valid") -> Invalid | R148: Credit Card | S148: Instagram Shop | T148: Gurgaon | U148: Haryana | V148: Delhi | W148: 45663 | X148: =IF(AND(B148<>"",W148<>""),IF(B148<D148,"Invalid","Valid"),"Not applicable") -> Invalid | Y148: Delivered | Z148: =IF(AND(Y148="Cancelled",W148<>""),"Invalid","Valid") -> Valid | AA148: Yes | AB148: Size Issue | AC148: =IF(AA148="Yes", IF(OR(AB148="", AB148="Not Applicable"), "Missing Reason", "Valid"), "Not Applicable") -> Valid | AD148: 45691 | AE148: =IF(AND(W148<>"",AD148<>""),IF(W148<AD148,"Invalid","Valid"),"Not Applicable") -> Invalid | AF148: Processed
A149: UT-100295 | B149: 45644 | C149: CUST_10294 | D149: New | E149: TOPSLBL | F149: Tops | G149: Celebrate Top | H149: 2299 | I149: =IF(OR(H149<=0,H149>50000),"Outlier","Normal") -> Normal | J149: 1 | K149: =IF(J149>10,"Outlier","Normal") -> Normal | L149: 2299 | M149: =H149*J149*(1-(P149/100)) -> 1839.2 | N149: =IF(ABS(L149-M149)<1,"Match","Mismatch") -> Mismatch | O149: 44166 | P149: 20 | Q149: =IF(OR(P149<0,C149>100),"Invalid","valid") -> Invalid | R149: Debit Card | S149: Website | T149: Bhopal | U149: Madhya Pradesh | V149: Mumbai | W149: 45664 | X149: =IF(AND(B149<>"",W149<>""),IF(B149<D149,"Invalid","Valid"),"Not applicable") -> Invalid | Y149: Delivered | Z149: =IF(AND(Y149="Cancelled",W149<>""),"Invalid","Valid") -> Valid | AA149: Yes | AB149: Damaged in Transit | AC149: =IF(AA149="Yes", IF(OR(AB149="", AB149="Not Applicable"), "Missing Reason", "Valid"), "Not Applicable") -> Valid | AD149: 45691 | AE149: =IF(AND(W149<>"",AD149<>""),IF(W149<AD149,"Invalid","Valid"),"Not Applicable") -> Invalid | AF149: Processed
A150: UT-100293 | B150: 45643 | C150: CUST_10292 | D150: New | E150: OUTDZLM | F150: Outerwear | G150: Dazzle Jacket | H150: 5499 | I150: =IF(OR(H150<=0,H150>50000),"Outlier","Normal") -> Normal | J150: 1 | K150: =IF(J150>10,"Outlier","Normal") -> Normal | L150: 5499 | M150: =H150*J150*(1-(P150/100)) -> 5499 | N150: =IF(ABS(L150-M150)<1,"Match","Mismatch") -> Match | O150: No code | P150: 0 | Q150: =IF(OR(P150<0,C150>100),"Invalid","valid") -> Invalid | R150: COD | S150: Mobile App | T150: Surat | U150: Gujarat | V150: Mumbai | W150: 45664 | X150: =IF(AND(B150<>"",W150<>""),IF(B150<D150,"Invalid","Valid"),"Not applicable") -> Invalid | Y150: Delivered | Z150: =IF(AND(Y150="Cancelled",W150<>""),"Invalid","Valid") -> Valid | AA150: Yes | AB150: Wrong Item | AC150: =IF(AA150="Yes", IF(OR(AB150="", AB150="Not Applicable"), "Missing Reason", "Valid"), "Not Applicable") -> Valid | AD150: 45692 | AE150: =IF(AND(W150<>"",AD150<>""),IF(W150<AD150,"Invalid","Valid"),"Not Applicable") -> Invalid | AF150: Processed
A151: UT-100297 | B151: 45644 | C151: CUST_10296 | D151: New | E151: BOTBRTM | F151: Bottoms | G151: Bright Night Pants | H151: 2499 | I151: =IF(OR(H151<=0,H151>50000),"Outlier","Normal") -> Normal | J151: 1 | K151: =IF(J151>10,"Outlier","Normal") -> Normal | L151: 2499 | M151: =H151*J151*(1-(P151/100)) -> 2499 | N151: =IF(ABS(L151-M151)<1,"Match","Mismatch") -> Match | O151: No code | P151: 0 | Q151: =IF(OR(P151<0,C151>100),"Invalid","valid") -> Invalid | R151: UPI | S151: Instagram Shop | T151: Coimbatore | U151: Tamil Nadu | V151: Bangalore | W151: 45665 | X151: =IF(AND(B151<>"",W151<>""),IF(B151<D151,"Invalid","Valid"),"Not applicable") -> Invalid | Y151: Delivered | Z151: =IF(AND(Y151="Cancelled",W151<>""),"Invalid","Valid") -> Valid | AA151: Yes | AB151: Size Issue | AC151: =IF(AA151="Yes", IF(OR(AB151="", AB151="Not Applicable"), "Missing Reason", "Valid"), "Not Applicable") -> Valid | AD151: 45693 | AE151: =IF(AND(W151<>"",AD151<>""),IF(W151<AD151,"Invalid","Valid"),"Not Applicable") -> Invalid | AF151: Processed
A152: UT-100300 | B152: 45645 | C152: CUST_10299 | D152: New | E152: TOPJOYM | F152: Tops | G152: Joyful Top | H152: 1899 | I152: =IF(OR(H152<=0,H152>50000),"Outlier","Normal") -> Normal | J152: 1 | K152: =IF(J152>10,"Outlier","Normal") -> Normal | L152: 1899 | M152: =H152*J152*(1-(P152/100)) -> 1899 | N152: =IF(ABS(L152-M152)<1,"Match","Mismatch") -> Match | O152: No code | P152: 0 | Q152: =IF(OR(P152<0,C152>100),"Invalid","valid") -> Invalid | R152: Debit Card | S152: Instagram Shop | T152: Thiruvananthapuram | U152: Kerala | V152: Bangalore | W152: 45666 | X152: =IF(AND(B152<>"",W152<>""),IF(B152<D152,"Invalid","Valid"),"Not applicable") -> Invalid | Y152: Delivered | Z152: =IF(AND(Y152="Cancelled",W152<>""),"Invalid","Valid") -> Valid | AA152: Yes | AB152: Quality Defect | AC152: =IF(AA152="Yes", IF(OR(AB152="", AB152="Not Applicable"), "Missing Reason", "Valid"), "Not Applicable") -> Valid | AD152: 45693 | AE152: =IF(AND(W152<>"",AD152<>""),IF(W152<AD152,"Invalid","Valid"),"Not Applicable") -> Invalid | AF152: Processed
A153: UT-100298 | B153: 45645 | C153: CUST_10297 | D153: New | E153: OUTENDL | F153: Outerwear | G153: End of Year Coat | H153: 6799 | I153: =IF(OR(H153<=0,H153>50000),"Outlier","Normal") -> Normal | J153: 1 | K153: =IF(J153>10,"Outlier","Normal") -> Normal | L153: 6799 | M153: =H153*J153*(1-(P153/100)) -> 5439.2 | N153: =IF(ABS(L153-M153)<1,"Match","Mismatch") -> Mismatch | O153: 44166 | P153: 20 | Q153: =IF(OR(P153<0,C153>100),"Invalid","valid") -> Invalid | R153: COD | S153: Website | T153: Kochi | U153: Kerala | V153: Bangalore | W153: 45666 | X153: =IF(AND(B153<>"",W153<>""),IF(B153<D153,"Invalid","Valid"),"Not applicable") -> Invalid | Y153: Delivered | Z153: =IF(AND(Y153="Cancelled",W153<>""),"Invalid","Valid") -> Valid | AA153: Yes | AB153: Changed Mind | AC153: =IF(AA153="Yes", IF(OR(AB153="", AB153="Not Applicable"), "Missing Reason", "Valid"), "Not Applicable") -> Valid | AD153: 45694 | AE153: =IF(AND(W153<>"",AD153<>""),IF(W153<AD153,"Invalid","Valid"),"Not Applicable") -> Invalid | AF153: Processed
A154: UT-100301 | B154: 45645 | C154: CUST_10300 | D154: New | E154: DRSWNDL | F154: Dresses | G154: Winter Wonder Dress | H154: 4499 | I154: =IF(OR(H154<=0,H154>50000),"Outlier","Normal") -> Normal | J154: 1 | K154: =IF(J154>10,"Outlier","Normal") -> Normal | L154: 4499 | M154: =H154*J154*(1-(P154/100)) -> 3599.2 | N154: =IF(ABS(L154-M154)<1,"Match","Mismatch") -> Mismatch | O154: 44166 | P154: 20 | Q154: =IF(OR(P154<0,C154>100),"Invalid","valid") -> Invalid | R154: Credit Card | S154: Website | T154: Mysore | U154: Karnataka | V154: Bangalore | W154: 45667 | X154: =IF(AND(B154<>"",W154<>""),IF(B154<D154,"Invalid","Valid"),"Not applicable") -> Invalid | Y154: Delivered | Z154: =IF(AND(Y154="Cancelled",W154<>""),"Invalid","Valid") -> Valid | AA154: Yes | AB154: Size Issue | AC154: =IF(AA154="Yes", IF(OR(AB154="", AB154="Not Applicable"), "Missing Reason", "Valid"), "Not Applicable") -> Valid | AD154: 45695 | AE154: =IF(AND(W154<>"",AD154<>""),IF(W154<AD154,"Invalid","Valid"),"Not Applicable") -> Invalid | AF154: Processed
A155: UT-100305 | B155: 45646 | C155: CUST_10304 | D155: New | E155: TOPSNWL | F155: Tops | G155: Snow White Top | H155: 2099 | I155: =IF(OR(H155<=0,H155>50000),"Outlier","Normal") -> Normal | J155: 1 | K155: =IF(J155>10,"Outlier","Normal") -> Normal | L155: 2099 | M155: =H155*J155*(1-(P155/100)) -> 2099 | N155: =IF(ABS(L155-M155)<1,"Match","Mismatch") -> Match | O155: No code | P155: 0 | Q155: =IF(OR(P155<0,C155>100),"Invalid","valid") -> Invalid | R155: Debit Card | S155: Mobile App | T155: Mumbai | U155: Maharashtra | V155: Mumbai | W155: 45668 | X155: =IF(AND(B155<>"",W155<>""),IF(B155<D155,"Invalid","Valid"),"Not applicable") -> Invalid | Y155: Delivered | Z155: =IF(AND(Y155="Cancelled",W155<>""),"Invalid","Valid") -> Valid | AA155: Yes | AB155: Damaged in Transit | AC155: =IF(AA155="Yes", IF(OR(AB155="", AB155="Not Applicable"), "Missing Reason", "Valid"), "Not Applicable") -> Valid | AD155: 45695 | AE155: =IF(AND(W155<>"",AD155<>""),IF(W155<AD155,"Invalid","Valid"),"Not Applicable") -> Invalid | AF155: Processed
A156: UT-100303 | B156: 45646 | C156: CUST_10302 | D156: New | E156: OUTHOLM | F156: Outerwear | G156: Holiday Jacket | H156: 5199 | I156: =IF(OR(H156<=0,H156>50000),"Outlier","Normal") -> Normal | J156: 1 | K156: =IF(J156>10,"Outlier","Normal") -> Normal | L156: 5199 | M156: =H156*J156*(1-(P156/100)) -> 5199 | N156: =IF(ABS(L156-M156)<1,"Match","Mismatch") -> Match | O156: No code | P156: 0 | Q156: =IF(OR(P156<0,C156>100),"Invalid","valid") -> Invalid | R156: COD | S156: Instagram Shop | T156: Rajkot | U156: Gujarat | V156: Mumbai | W156: 45668 | X156: =IF(AND(B156<>"",W156<>""),IF(B156<D156,"Invalid","Valid"),"Not applicable") -> Invalid | Y156: Delivered | Z156: =IF(AND(Y156="Cancelled",W156<>""),"Invalid","Valid") -> Valid | AA156: Yes | AB156: Wrong Item | AC156: =IF(AA156="Yes", IF(OR(AB156="", AB156="Not Applicable"), "Missing Reason", "Valid"), "Not Applicable") -> Valid | AD156: 45696 | AE156: =IF(AND(W156<>"",AD156<>""),IF(W156<AD156,"Invalid","Valid"),"Not Applicable") -> Invalid | AF156: Processed
A157: UT-100309 | B157: 45647 | C157: CUST_10308 | D157: Returning | E157: ACCSNFOS | F157: Accessories | G157: Snowflake Pendant | H157: 899 | I157: =IF(OR(H157<=0,H157>50000),"Outlier","Normal") -> Normal | J157: 1 | K157: =IF(J157>10,"Outlier","Normal") -> Normal | L157: 899 | M157: =H157*J157*(1-(P157/100)) -> 899 | N157: =IF(ABS(L157-M157)<1,"Match","Mismatch") -> Match | O157: No code | P157: 0 | Q157: =IF(OR(P157<0,C157>100),"Invalid","valid") -> Invalid | R157: Wallet | S157: Instagram Shop | T157: Hyderabad | U157: Telangana | V157: Bangalore | W157: 45669 | X157: =IF(AND(B157<>"",W157<>""),IF(B157<D157,"Invalid","Valid"),"Not applicable") -> Invalid | Y157: Delivered | Z157: =IF(AND(Y157="Cancelled",W157<>""),"Invalid","Valid") -> Valid | AA157: Yes | AB157: Quality Defect | AC157: =IF(AA157="Yes", IF(OR(AB157="", AB157="Not Applicable"), "Missing Reason", "Valid"), "Not Applicable") -> Valid | AD157: 45696 | AE157: =IF(AND(W157<>"",AD157<>""),IF(W157<AD157,"Invalid","Valid"),"Not Applicable") -> Invalid | AF157: Processed
A158: UT-100306 | B158: 45647 | C158: CUST_10305 | D158: New | E158: DRSICES | F158: Dresses | G158: Ice Queen Dress | H158: 3999 | I158: =IF(OR(H158<=0,H158>50000),"Outlier","Normal") -> Normal | J158: 1 | K158: =IF(J158>10,"Outlier","Normal") -> Normal | L158: 3999 | M158: =H158*J158*(1-(P158/100)) -> 3999 | N158: =IF(ABS(L158-M158)<1,"Match","Mismatch") -> Match | O158: No code | P158: 0 | Q158: =IF(OR(P158<0,C158>100),"Invalid","valid") -> Invalid | R158: Credit Card | S158: Instagram Shop | T158: Delhi | U158: Delhi | V158: Delhi | W158: 45669 | X158: =IF(AND(B158<>"",W158<>""),IF(B158<D158,"Invalid","Valid"),"Not applicable") -> Invalid | Y158: Delivered | Z158: =IF(AND(Y158="Cancelled",W158<>""),"Invalid","Valid") -> Valid | AA158: Yes | AB158: Size Issue | AC158: =IF(AA158="Yes", IF(OR(AB158="", AB158="Not Applicable"), "Missing Reason", "Valid"), "Not Applicable") -> Valid | AD158: 45697 | AE158: =IF(AND(W158<>"",AD158<>""),IF(W158<AD158,"Invalid","Valid"),"Not Applicable") -> Invalid | AF158: Processed
A159: UT-100308 | B159: 45647 | C159: CUST_10307 | D159: New | E159: OUTWNTL | F159: Outerwear | G159: Winter Wonderland Coat | H159: 7299 | I159: =IF(OR(H159<=0,H159>50000),"Outlier","Normal") -> Normal | J159: 1 | K159: =IF(J159>10,"Outlier","Normal") -> Normal | L159: 7299 | M159: =H159*J159*(1-(P159/100)) -> 7299 | N159: =IF(ABS(L159-M159)<1,"Match","Mismatch") -> Match | O159: No code | P159: 0 | Q159: =IF(OR(P159<0,C159>100),"Invalid","valid") -> Invalid | R159: COD | S159: Mobile App | T159: Chennai | U159: Tamil Nadu | V159: Bangalore | W159: 45670 | X159: =IF(AND(B159<>"",W159<>""),IF(B159<D159,"Invalid","Valid"),"Not applicable") -> Invalid | Y159: Delivered | Z159: =IF(AND(Y159="Cancelled",W159<>""),"Invalid","Valid") -> Valid | AA159: Yes | AB159: Changed Mind | AC159: =IF(AA159="Yes", IF(OR(AB159="", AB159="Not Applicable"), "Missing Reason", "Valid"), "Not Applicable") -> Valid | AD159: 45698 | AE159: =IF(AND(W159<>"",AD159<>""),IF(W159<AD159,"Invalid","Valid"),"Not Applicable") -> Invalid | AF159: Processed
A160: UT-100311 | B160: 45648 | C160: CUST_10310 | D160: New | E160: DRSNYRL | F160: Dresses | G160: New Year Ready Dress | H160: 4699 | I160: =IF(OR(H160<=0,H160>50000),"Outlier","Normal") -> Normal | J160: 1 | K160: =IF(J160>10,"Outlier","Normal") -> Normal | L160: 4699 | M160: =H160*J160*(1-(P160/100)) -> 4699 | N160: =IF(ABS(L160-M160)<1,"Match","Mismatch") -> Match | O160: No code | P160: 0 | Q160: =IF(OR(P160<0,C160>100),"Invalid","valid") -> Invalid | R160: Credit Card | S160: Mobile App | T160: Ahmedabad | U160: Gujarat | V160: Mumbai | W160: 45671 | X160: =IF(AND(B160<>"",W160<>""),IF(B160<D160,"Invalid","Valid"),"Not applicable") -> Invalid | Y160: Delivered | Z160: =IF(AND(Y160="Cancelled",W160<>""),"Invalid","Valid") -> Valid | AA160: Yes | AB160: Size Issue | AC160: =IF(AA160="Yes", IF(OR(AB160="", AB160="Not Applicable"), "Missing Reason", "Valid"), "Not Applicable") -> Valid | AD160: 45699 | AE160: =IF(AND(W160<>"",AD160<>""),IF(W160<AD160,"Invalid","Valid"),"Not Applicable") -> Invalid | AF160: Processed
A161: UT-100315 | B161: 45649 | C161: CUST_10314 | D161: New | E161: TOPFLKL | F161: Tops | G161: Snowflake Top | H161: 2199 | I161: =IF(OR(H161<=0,H161>50000),"Outlier","Normal") -> Normal | J161: 1 | K161: =IF(J161>10,"Outlier","Normal") -> Normal | L161: 2199 | M161: =H161*J161*(1-(P161/100)) -> 2199 | N161: =IF(ABS(L161-M161)<1,"Match","Mismatch") -> Match | O161: No code | P161: 0 | Q161: =IF(OR(P161<0,C161>100),"Invalid","valid") -> Invalid | R161: Debit Card | S161: Instagram Shop | T161: Mumbai | U161: Maharashtra | V161: Mumbai | W161: 45672 | X161: =IF(AND(B161<>"",W161<>""),IF(B161<D161,"Invalid","Valid"),"Not applicable") -> Invalid | Y161: Delivered | Z161: =IF(AND(Y161="Cancelled",W161<>""),"Invalid","Valid") -> Valid | AA161: Yes | AB161: Damaged in Transit | AC161: =IF(AA161="Yes", IF(OR(AB161="", AB161="Not Applicable"), "Missing Reason", "Valid"), "Not Applicable") -> Valid | AD161: 45699 | AE161: =IF(AND(W161<>"",AD161<>""),IF(W161<AD161,"Invalid","Valid"),"Not Applicable") -> Invalid | AF161: Processed
A162: UT-100313 | B162: 45648 | C162: CUST_10312 | D162: New | E162: OUTCELM | F162: Outerwear | G162: Celebrate Blazer | H162: 5399 | I162: =IF(OR(H162<=0,H162>50000),"Outlier","Normal") -> Normal | J162: 1 | K162: =IF(J162>10,"Outlier","Normal") -> Normal | L162: 5399 | M162: =H162*J162*(1-(P162/100)) -> 4319.2 | N162: =IF(ABS(L162-M162)<1,"Match","Mismatch") -> Mismatch | O162: 44166 | P162: 20 | Q162: =IF(OR(P162<0,C162>100),"Invalid","valid") -> Invalid | R162: COD | S162: Website | T162: Lucknow | U162: Uttar Pradesh | V162: Delhi | W162: 45672 | X162: =IF(AND(B162<>"",W162<>""),IF(B162<D162,"Invalid","Valid"),"Not applicable") -> Invalid | Y162: Delivered | Z162: =IF(AND(Y162="Cancelled",W162<>""),"Invalid","Valid") -> Valid | AA162: Yes | AB162: Wrong Item | AC162: =IF(AA162="Yes", IF(OR(AB162="", AB162="Not Applicable"), "Missing Reason", "Valid"), "Not Applicable") -> Valid | AD162: 45700 | AE162: =IF(AND(W162<>"",AD162<>""),IF(W162<AD162,"Invalid","Valid"),"Not Applicable") -> Invalid | AF162: Processed
...

Sheet Validation_Summary
A1: Rule ID | B1: Validation Check | C1: Expected Outcome | D1: Status (Valid / Invalid / Not Applicable) | E1: Notes
A2: V1 | B2: rder_id follows UT-XXXXXX | C2: 100% compliance | D2: =IF(AND(LEFT(urbanthreads_q4!A2,3)="UT",LEN(urbanthreads_q4!A2)=9,ISNUMBER(--MID(urbanthreads_q4!A2,4,6))),"Valid","Invalid") -> Invalid | E2: Correct order_id format (UT-XXXXXX)
A3: V2 | B3: customer_type contains only "New" or "Returning" | C3: No other values | D3: =IF(OR(urbanthreads_q4!B2="New",urbanthreads_q4!B2="Returning"),"Valid","Invalid") -> Invalid | E3: Replace invalid customer_type values with New/Returning
A4: V3 | B4: quantity is a positive integer | C4: No zeros, negatives, or decimals | D4: =IF(ISNUMBER(urbanthreads_q4!C2),IF(AND(urbanthreads_q4!C2>0,MOD(urbanthreads_q4!C2,1)=0),"Valid","Invalid"),"Invalid") -> Invalid | E4: Remove negative/zero/decimal quantities
A5: V4 | B5: discount_percent between 0–100 | C5: No out-of-range values | D5: =IF(AND(urbanthreads_q4!D2>=0,urbanthreads_q4!D2<=100),"Valid","Invalid") -> Invalid | E5: Adjust discount_percent to 0–100
A6: V5 | B6: order_date falls within Q4 2024 (Oct 1 – Dec 31) | C6: No dates outside range | D6: =IF(AND(urbanthreads_q4!E2>=DATE(2024,10,1),urbanthreads_q4!E2<=DATE(2024,12,31)),"Valid","Invalid") -> Invalid | E6: Fix order_dates outside Q4 2024
A7: V6 | B7: payment_method matches one of 5 defined options | C7: No undefined methods | D7: =IF(OR(urbanthreads_q4!F2="Credit Card",urbanthreads_q4!F2="Debit Card",urbanthreads_q4!F2="Net Banking",urbanthreads_q4!F2="UPI",urbanthreads_q4!F2="COD"),"Valid","Invalid") -> Invalid | E7: Correct payment_method to one of the 5 valid options
A8: V7 | B8: If delivery_status = "Delivered", delivery_date must exist | C8: Cross-field consistency | D8: =IF(urbanthreads_q4!G2="Delivered",IF(urbanthreads_q4!H2<>"","Valid","Invalid"),"Not Applicable") -> Not Applicable | E8: Add delivery_date for Delivered orders
A9: V8 | B9: If return_initiated = "No", return_reason must be blank | C9: Business logic compliance | D9: =IF(urbanthreads_q4!I2="No",IF(urbanthreads_q4!J2="","Valid","Invalid"),"Not Applicable") -> Not Applicable | E9: Remove return_reason if return_initiated = No
A10: V9 | B10: warehouse_origin is Mumbai, Delhi, or Bangalore | C10: No other warehouses | D10: =IF(urbanthreads_q4!I2="No",IF(urbanthreads_q4!J2="","Valid","Invalid"),"Not Applicable") -> Not Applicable | E10: Correct warehouse_origin to Mumbai, Delhi, or Bangalore
A11: V10 | B11: refund_status = "Not Applicable" when return_initiated = "No" | C11: Logical consistency | D11: =IF(urbanthreads_q4!I2="No",IF(urbanthreads_q4!L2="Not Applicable","Valid","Invalid"),"Not Applicable") -> Not Applicable | E11: Set refund_status = Not Applicable if return_initiated = No
A12: CF1 | B12: delivery_status = RTO → return_initiated = No | C12: Cross-field consistency | D12: =IF(urbanthreads_q4!G2="RTO",IF(urbanthreads_q4!I2="No","Valid","Invalid"),"Not Applicable") -> Not Applicable | E12: Set return_initiated = No if delivery_status = RTO
A13: CF2 | B13: customer_type = New → customer_id not repeated | C13: Business logic validation | D13: =IF(AND(urbanthreads_q4!B2="New",COUNTIFS(urbanthreads_q4!B:B,"New",urbanthreads_q4!N:N,urbanthreads_q4!N2)>1),"Invalid","Valid") -> Valid | E13: Remove duplicate New customer_ids
A14: BL1 | B14: delivery_time = delivery_date – order_date | C14: Flag negatives or >30 days | D14: =IF(AND(ISNUMBER(urbanthreads_q4!E2),ISNUMBER(urbanthreads_q4!H2)), IF(OR(urbanthreads_q4!H2-urbanthreads_q4!E2<0,urbanthreads_q4!H2-urbanthreads_q4!E2>30), "Invalid", "Valid"), "Not Applicable") -> Not Applicable | E14: Check delivery_date/order_date errors
A15: BL2 | B15: return window = return_received – delivery_date | C15: Flag >30 days | D15: =IF(AND(urbanthreads_q4!P2<>"",urbanthreads_q4!H2<>"",urbanthreads_q4!P2-urbanthreads_q4!H2>30),"Invalid","Valid") -> Valid | E15: Ensure return_received ≤ 30 days after delivery_date
